-- phpMyAdmin SQL Dump
-- version 5.1.1
-- https://www.phpmyadmin.net/
--
-- Host: 127.0.0.1
-- Generation Time: Oct 18, 2021 at 03:37 PM
-- Server version: 10.4.21-MariaDB
-- PHP Version: 7.3.31

SET SQL_MODE = "NO_AUTO_VALUE_ON_ZERO";
START TRANSACTION;
SET time_zone = "+00:00";


/*!40101 SET @OLD_CHARACTER_SET_CLIENT=@@CHARACTER_SET_CLIENT */;
/*!40101 SET @OLD_CHARACTER_SET_RESULTS=@@CHARACTER_SET_RESULTS */;
/*!40101 SET @OLD_COLLATION_CONNECTION=@@COLLATION_CONNECTION */;
/*!40101 SET NAMES utf8mb4 */;

--
-- Database: `cshubnet_cleaningkart`
--

-- --------------------------------------------------------

--
-- Table structure for table `admin`
--

CREATE TABLE `admin` (
  `id` int(11) NOT NULL,
  `userName` varchar(50) NOT NULL,
  `password` varchar(50) NOT NULL,
  `fullName` varchar(100) DEFAULT NULL,
  `photo` varchar(100) DEFAULT NULL,
  `contact` varchar(100) DEFAULT NULL,
  `email` varchar(100) DEFAULT NULL,
  `status` int(11) DEFAULT NULL,
  `is_deleted` enum('NOT_DELETED','DELETED') DEFAULT 'NOT_DELETED'
) ENGINE=InnoDB DEFAULT CHARSET=latin1;

--
-- Dumping data for table `admin`
--

INSERT INTO `admin` (`id`, `userName`, `password`, `fullName`, `photo`, `contact`, `email`, `status`, `is_deleted`) VALUES
(1, 'admin', 'Cleaning20001', 'CleaningKart', '/application/photo/admin/2327528352.png', '9451009261', 'cleaningkart.in@gmail.com', 1, 'NOT_DELETED');

-- --------------------------------------------------------

--
-- Table structure for table `app_documents`
--

CREATE TABLE `app_documents` (
  `id` int(11) NOT NULL,
  `name` varchar(100) COLLATE utf8_unicode_ci NOT NULL,
  `content` varchar(10000) COLLATE utf8_unicode_ci NOT NULL,
  `active` int(11) NOT NULL
) ENGINE=InnoDB DEFAULT CHARSET=utf8 COLLATE=utf8_unicode_ci;

--
-- Dumping data for table `app_documents`
--

INSERT INTO `app_documents` (`id`, `name`, `content`, `active`) VALUES
(1, 'About', 'Testing content\r\n', 1),
(2, 'Contact', 'Testing contact', 1);

-- --------------------------------------------------------

--
-- Table structure for table `booking_slots`
--

CREATE TABLE `booking_slots` (
  `id` int(11) NOT NULL,
  `day` varchar(10) NOT NULL,
  `timestart` time NOT NULL,
  `timeend` time NOT NULL,
  `order` varchar(45) NOT NULL,
  `added` datetime NOT NULL,
  `updated` datetime DEFAULT NULL,
  `shop_id` int(11) NOT NULL COMMENT '1=available\n0=not available',
  `slotsize` int(11) NOT NULL,
  `slotstatus` int(11) NOT NULL DEFAULT 1,
  `business_id` int(11) DEFAULT NULL,
  `is_deleted` enum('NOT_DELETED','DELETED') DEFAULT 'NOT_DELETED',
  `active` int(11) DEFAULT 1
) ENGINE=MyISAM DEFAULT CHARSET=latin1;

--
-- Dumping data for table `booking_slots`
--

INSERT INTO `booking_slots` (`id`, `day`, `timestart`, `timeend`, `order`, `added`, `updated`, `shop_id`, `slotsize`, `slotstatus`, `business_id`, `is_deleted`, `active`) VALUES
(1, 'MON', '09:00:00', '12:00:00', '1', '0000-00-00 00:00:00', NULL, 6, 50, 1, NULL, 'NOT_DELETED', 1),
(2, 'TUE', '09:00:00', '12:00:00', '1', '0000-00-00 00:00:00', NULL, 6, 50, 1, NULL, 'NOT_DELETED', 1),
(3, 'WED', '09:00:00', '12:00:00', '1', '0000-00-00 00:00:00', NULL, 6, 50, 1, NULL, 'NOT_DELETED', 1),
(4, 'THU', '09:00:00', '12:00:00', '1', '0000-00-00 00:00:00', NULL, 6, 50, 1, NULL, 'NOT_DELETED', 1),
(5, 'FRI', '09:00:00', '12:00:00', '1', '0000-00-00 00:00:00', NULL, 6, 50, 1, NULL, 'DELETED', 1),
(6, 'SAT', '09:00:00', '12:00:00', '1', '0000-00-00 00:00:00', NULL, 6, 50, 1, NULL, 'NOT_DELETED', 1),
(7, 'SUN', '09:00:00', '12:00:00', '1', '0000-00-00 00:00:00', NULL, 6, 50, 1, NULL, 'NOT_DELETED', 1),
(8, 'MON', '12:00:00', '15:00:00', '2', '0000-00-00 00:00:00', NULL, 6, 50, 1, NULL, 'NOT_DELETED', 1),
(9, 'MON', '15:00:00', '18:00:00', '3', '2021-10-02 20:29:40', '2021-10-02 20:29:40', 6, 50, 1, NULL, 'NOT_DELETED', 1),
(10, 'MON', '18:00:00', '21:00:00', '4', '2021-10-02 20:29:40', '2021-10-02 20:29:40', 6, 50, 1, NULL, 'NOT_DELETED', 1),
(11, 'TUE', '12:00:00', '15:00:00', '2', '2021-10-02 20:31:38', '2021-10-02 20:31:38', 6, 50, 1, NULL, 'NOT_DELETED', 1),
(12, 'TUE', '15:00:00', '18:00:00', '3', '2021-10-02 20:31:38', '2021-10-02 20:31:38', 6, 50, 1, NULL, 'NOT_DELETED', 1),
(13, 'TUE', '18:00:00', '21:00:00', '4', '2021-10-02 20:33:16', '2021-10-02 20:33:16', 6, 50, 1, NULL, 'NOT_DELETED', 1),
(14, 'WED', '12:00:00', '15:00:00', '2', '2021-10-02 20:33:16', '2021-10-02 20:33:16', 6, 50, 1, NULL, 'NOT_DELETED', 1),
(15, 'WED', '15:00:00', '18:00:00', '3', '2021-10-02 20:34:35', '2021-10-02 20:34:35', 6, 50, 1, NULL, 'NOT_DELETED', 1),
(16, 'WED', '18:00:00', '21:00:00', '4', '2021-10-02 20:34:35', '2021-10-02 20:34:35', 6, 50, 1, NULL, 'NOT_DELETED', 1),
(17, 'THU', '12:00:00', '15:00:00', '2', '2021-10-02 20:35:27', '2021-10-02 20:35:27', 6, 50, 1, NULL, 'NOT_DELETED', 1),
(18, 'THU', '15:00:00', '18:00:00', '3', '2021-10-02 20:35:27', '2021-10-02 20:35:27', 6, 50, 1, NULL, 'NOT_DELETED', 1),
(19, 'THU', '18:00:00', '21:00:00', '4', '2021-10-02 20:38:54', '2021-10-02 20:38:54', 6, 50, 1, NULL, 'NOT_DELETED', 1),
(20, 'FRI', '12:00:00', '15:00:00', '2', '2021-10-02 20:38:54', '2021-10-02 20:38:54', 6, 50, 1, NULL, 'NOT_DELETED', 1),
(21, 'FRI', '15:00:00', '18:00:00', '3', '2021-10-02 20:40:37', '2021-10-02 20:40:37', 6, 50, 1, NULL, 'NOT_DELETED', 1),
(22, 'FRI', '18:00:00', '21:00:00', '4', '2021-10-02 20:40:37', '2021-10-02 20:40:37', 6, 50, 1, NULL, 'NOT_DELETED', 1),
(23, 'SAT', '12:00:00', '15:00:00', '2', '2021-10-02 20:42:21', '2021-10-02 20:42:21', 6, 50, 1, NULL, 'NOT_DELETED', 1),
(24, 'SAT', '15:00:00', '18:00:00', '3', '2021-10-02 20:42:21', '2021-10-02 20:42:21', 6, 50, 1, NULL, 'NOT_DELETED', 1),
(25, 'SAT', '18:00:00', '21:00:00', '4', '2021-10-02 20:43:17', '2021-10-02 20:43:17', 6, 50, 1, NULL, 'NOT_DELETED', 1),
(26, 'SUN', '12:00:00', '15:00:00', '2', '2021-10-02 20:44:15', '2021-10-02 20:44:15', 6, 50, 1, NULL, 'NOT_DELETED', 1),
(27, 'SUN', '15:00:00', '18:00:00', '3', '2021-10-02 20:44:15', '2021-10-02 20:44:15', 6, 50, 1, NULL, 'NOT_DELETED', 1),
(28, 'SUN', '18:00:00', '21:00:00', '4', '2021-10-02 20:46:10', '2021-10-02 20:46:10', 6, 50, 1, NULL, 'NOT_DELETED', 1),
(32, 'MON', '16:28:00', '08:18:00', '', '0000-00-00 00:00:00', NULL, 0, 12, 1, 6, 'NOT_DELETED', 1),
(33, 'WED', '21:13:00', '15:39:00', '', '0000-00-00 00:00:00', NULL, 66, 66, 1, 10, 'NOT_DELETED', 1);

-- --------------------------------------------------------

--
-- Table structure for table `business`
--

CREATE TABLE `business` (
  `id` int(11) NOT NULL,
  `title` varchar(100) NOT NULL,
  `owner_name` varchar(100) NOT NULL,
  `pic` varchar(100) NOT NULL DEFAULT 'defaultowner.jpg',
  `owner_contact` varchar(10) NOT NULL,
  `alter_contact` varchar(10) NOT NULL,
  `dob` datetime DEFAULT NULL,
  `email` varchar(50) NOT NULL,
  `city` int(11) NOT NULL,
  `state` int(11) NOT NULL,
  `address` varchar(250) NOT NULL,
  `gst` varchar(50) DEFAULT NULL,
  `added` datetime NOT NULL,
  `updated` datetime DEFAULT NULL,
  `status` int(11) NOT NULL DEFAULT 1,
  `admin_id` int(11) NOT NULL DEFAULT 1,
  `is_deleted` enum('NOT_DELETED','DELETED') DEFAULT 'NOT_DELETED'
) ENGINE=MyISAM DEFAULT CHARSET=latin1;

--
-- Dumping data for table `business`
--

INSERT INTO `business` (`id`, `title`, `owner_name`, `pic`, `owner_contact`, `alter_contact`, `dob`, `email`, `city`, `state`, `address`, `gst`, `added`, `updated`, `status`, `admin_id`, `is_deleted`) VALUES
(6, 'CleaningKart Business', 'Salil Gupta', '/application/photo/business_photo/IMG_20200617_224818178.jpg', '9935059157', '9451009260', '1985-06-17 00:00:00', 'cleaningkart.in@gmail.com', 1, 1, 'Lal Bangla Kanpur', NULL, '2020-05-02 21:20:51', '2021-02-08 00:33:57', 1, 1, 'NOT_DELETED'),
(10, 'Demo', 'Sanya jain', 'defaultowner.jpg', '', '', '2021-10-11 13:39:01', '', 0, 0, '', NULL, '2021-10-11 13:39:01', '2021-10-11 13:39:01', 1, 1, 'NOT_DELETED');

-- --------------------------------------------------------

--
-- Table structure for table `cities`
--

CREATE TABLE `cities` (
  `id` int(11) NOT NULL,
  `name` varchar(100) NOT NULL,
  `state_id` int(11) NOT NULL,
  `added` datetime NOT NULL,
  `updated` datetime DEFAULT NULL,
  `is_deleted` enum('NOT_DELETED','DELETED') DEFAULT 'NOT_DELETED'
) ENGINE=MyISAM DEFAULT CHARSET=latin1;

--
-- Dumping data for table `cities`
--

INSERT INTO `cities` (`id`, `name`, `state_id`, `added`, `updated`, `is_deleted`) VALUES
(1, 'Kanpur', 1, '2020-05-02 21:20:51', NULL, 'NOT_DELETED'),
(2, 'Lucknow', 1, '2020-05-02 21:22:28', NULL, 'NOT_DELETED'),
(3, 'Noida', 1, '0000-00-00 00:00:00', NULL, 'NOT_DELETED'),
(4, 'South Delhi', 2, '0000-00-00 00:00:00', NULL, 'NOT_DELETED'),
(5, 'South East District', 2, '0000-00-00 00:00:00', NULL, 'NOT_DELETED');

-- --------------------------------------------------------

--
-- Table structure for table `ci_sessions`
--

CREATE TABLE `ci_sessions` (
  `id` varchar(128) NOT NULL,
  `ip_address` varchar(45) NOT NULL,
  `timestamp` int(10) UNSIGNED NOT NULL DEFAULT 0,
  `data` blob NOT NULL
) ENGINE=InnoDB DEFAULT CHARSET=latin1;

--
-- Dumping data for table `ci_sessions`
--

INSERT INTO `ci_sessions` (`id`, `ip_address`, `timestamp`, `data`) VALUES
('7gjg634or156cfq6o70lfntbqgepr6gl', '::1', 1634110352, 0x5f5f63695f6c6173745f726567656e65726174657c693a313633343131303335323b757365724e616d657c733a353a2261646d696e223b6c6f676765645f696e7c623a313b),
('84fpp407vbesff3sphng2bnjeeiccsok', '::1', 1634111157, 0x5f5f63695f6c6173745f726567656e65726174657c693a313633343131313135373b757365724e616d657c733a353a2261646d696e223b6c6f676765645f696e7c623a313b),
('mq7ecvkvcdduoh17ll8pq5vur46btuvp', '::1', 1634111548, 0x5f5f63695f6c6173745f726567656e65726174657c693a313633343131313534383b757365724e616d657c733a353a2261646d696e223b6c6f676765645f696e7c623a313b),
('meb9151qcd0vvru5ejuijglenhlbdjg0', '::1', 1634111903, 0x5f5f63695f6c6173745f726567656e65726174657c693a313633343131313930333b757365724e616d657c733a353a2261646d696e223b6c6f676765645f696e7c623a313b),
('ram2l5tkkg9cv7v4ote2paetrdfjdesh', '::1', 1634112713, 0x5f5f63695f6c6173745f726567656e65726174657c693a313633343131323731333b757365724e616d657c733a353a2261646d696e223b6c6f676765645f696e7c623a313b),
('ekcs4jiqovgghlvesrianpj1ujo2duet', '::1', 1634114706, 0x5f5f63695f6c6173745f726567656e65726174657c693a313633343131343730363b757365724e616d657c733a353a2261646d696e223b6c6f676765645f696e7c623a313b),
('j9tvj1lg3mmrv5d39hcntiavqkd7i2al', '::1', 1634115114, 0x5f5f63695f6c6173745f726567656e65726174657c693a313633343131353131343b757365724e616d657c733a353a2261646d696e223b6c6f676765645f696e7c623a313b),
('ivuk9eob8rq6dbtggbclrg55421u2a8f', '::1', 1634115421, 0x5f5f63695f6c6173745f726567656e65726174657c693a313633343131353432313b757365724e616d657c733a353a2261646d696e223b6c6f676765645f696e7c623a313b),
('bug7hkvhsc8ieqnr2gku4ii74tu09atg', '::1', 1634115732, 0x5f5f63695f6c6173745f726567656e65726174657c693a313633343131353733323b757365724e616d657c733a353a2261646d696e223b6c6f676765645f696e7c623a313b),
('v0oo2amv5qvchq4m56um8uds948l0b0i', '::1', 1634116170, 0x5f5f63695f6c6173745f726567656e65726174657c693a313633343131363137303b757365724e616d657c733a353a2261646d696e223b6c6f676765645f696e7c623a313b),
('fre0u8uqa1fr4flg7mbm58uudsblv5f9', '::1', 1634116535, 0x5f5f63695f6c6173745f726567656e65726174657c693a313633343131363533353b757365724e616d657c733a353a2261646d696e223b6c6f676765645f696e7c623a313b),
('forc3gjhtb8289nm3h9t68djqi27ic7h', '::1', 1634117024, 0x5f5f63695f6c6173745f726567656e65726174657c693a313633343131373032343b757365724e616d657c733a353a2261646d696e223b6c6f676765645f696e7c623a313b),
('b5fskulru6t818cu0uhjtgrjucj86btb', '::1', 1634117564, 0x5f5f63695f6c6173745f726567656e65726174657c693a313633343131373536343b757365724e616d657c733a353a2261646d696e223b6c6f676765645f696e7c623a313b),
('hpoa3sbbosja0m3cgte3qeeistpd7rvj', '::1', 1634117886, 0x5f5f63695f6c6173745f726567656e65726174657c693a313633343131373838363b757365724e616d657c733a353a2261646d696e223b6c6f676765645f696e7c623a313b),
('950f3kqh68i8142gadrf8cp6lk282bd6', '::1', 1634118290, 0x5f5f63695f6c6173745f726567656e65726174657c693a313633343131383239303b757365724e616d657c733a353a2261646d696e223b6c6f676765645f696e7c623a313b),
('s1u5bescao8q8nq13hk2v249q3vmbpsl', '::1', 1634118605, 0x5f5f63695f6c6173745f726567656e65726174657c693a313633343131383630353b757365724e616d657c733a353a2261646d696e223b6c6f676765645f696e7c623a313b),
('7r1u5jr5nvaaigv7f0md7d2f98vaq11a', '::1', 1634120852, 0x5f5f63695f6c6173745f726567656e65726174657c693a313633343132303835323b757365724e616d657c733a353a2261646d696e223b6c6f676765645f696e7c623a313b),
('2qorhrf2bqpj724uq8mo9fsa7qk5h66l', '::1', 1634121224, 0x5f5f63695f6c6173745f726567656e65726174657c693a313633343132313232343b757365724e616d657c733a353a2261646d696e223b6c6f676765645f696e7c623a313b),
('fi4mkvtb8pgftoh7h576e54bqo5rf8q7', '::1', 1634121638, 0x5f5f63695f6c6173745f726567656e65726174657c693a313633343132313633383b757365724e616d657c733a353a2261646d696e223b6c6f676765645f696e7c623a313b),
('hr6tumkfh6ptj48rq5e45innaofheqlf', '::1', 1634121958, 0x5f5f63695f6c6173745f726567656e65726174657c693a313633343132313935383b757365724e616d657c733a353a2261646d696e223b6c6f676765645f696e7c623a313b),
('c0q4lu4k0j297bsg7rekj9e76hcbq73i', '::1', 1634122473, 0x5f5f63695f6c6173745f726567656e65726174657c693a313633343132323437333b757365724e616d657c733a353a2261646d696e223b6c6f676765645f696e7c623a313b),
('s9gl1bg5lge320nbaoqonvpnhd7cerid', '::1', 1634123134, 0x5f5f63695f6c6173745f726567656e65726174657c693a313633343132333133343b757365724e616d657c733a353a2261646d696e223b6c6f676765645f696e7c623a313b),
('7pltcvs4hf5p62e2r5asoeoop45a1cv9', '::1', 1634123588, 0x5f5f63695f6c6173745f726567656e65726174657c693a313633343132333538383b757365724e616d657c733a353a2261646d696e223b6c6f676765645f696e7c623a313b),
('iok3hbvk4ve14ou56i4c3ffeb504kf2b', '::1', 1634125174, 0x5f5f63695f6c6173745f726567656e65726174657c693a313633343132353137343b757365724e616d657c733a353a2261646d696e223b6c6f676765645f696e7c623a313b),
('m9cmufpvnokp99429bfmkptqmc1tjq25', '::1', 1634125516, 0x5f5f63695f6c6173745f726567656e65726174657c693a313633343132353531363b757365724e616d657c733a353a2261646d696e223b6c6f676765645f696e7c623a313b6f72646572735f6e6f74696669636174696f6e5f6c6173745f69647c733a323a223136223b),
('jpq9j3lr9a4cqhp4f616g6fcckp2gr2i', '::1', 1634125828, 0x5f5f63695f6c6173745f726567656e65726174657c693a313633343132353832383b757365724e616d657c733a353a2261646d696e223b6c6f676765645f696e7c623a313b6f72646572735f6e6f74696669636174696f6e5f6c6173745f69647c733a323a223136223b),
('e2ljp423iam1mirolac6s81ko7nb22mb', '::1', 1634126129, 0x5f5f63695f6c6173745f726567656e65726174657c693a313633343132363132393b757365724e616d657c733a353a2261646d696e223b6c6f676765645f696e7c623a313b6f72646572735f6e6f74696669636174696f6e5f6c6173745f69647c733a323a223136223b),
('ndsisfl9vtbd2jtaapgej7s4j63hqssf', '::1', 1634126578, 0x5f5f63695f6c6173745f726567656e65726174657c693a313633343132363537383b757365724e616d657c733a353a2261646d696e223b6c6f676765645f696e7c623a313b6f72646572735f6e6f74696669636174696f6e5f6c6173745f69647c733a323a223136223b),
('c92huhcmrbeu60fm97solp10n54717of', '::1', 1634126939, 0x5f5f63695f6c6173745f726567656e65726174657c693a313633343132363933393b757365724e616d657c733a353a2261646d696e223b6c6f676765645f696e7c623a313b6f72646572735f6e6f74696669636174696f6e5f6c6173745f69647c733a323a223136223b),
('2in4h4sq8am6hsjf9rqh2d01a7e4jpjv', '::1', 1634127435, 0x5f5f63695f6c6173745f726567656e65726174657c693a313633343132373433353b757365724e616d657c733a353a2261646d696e223b6c6f676765645f696e7c623a313b6f72646572735f6e6f74696669636174696f6e5f6c6173745f69647c733a323a223136223b),
('pa362ebfmek1fkmuit6c1ic3sg68dcog', '::1', 1634127880, 0x5f5f63695f6c6173745f726567656e65726174657c693a313633343132373838303b757365724e616d657c733a353a2261646d696e223b6c6f676765645f696e7c623a313b6f72646572735f6e6f74696669636174696f6e5f6c6173745f69647c733a323a223136223b),
('fp16a58nhjc4k9ukbug7g772ej32fcu9', '::1', 1634128311, 0x5f5f63695f6c6173745f726567656e65726174657c693a313633343132383331313b757365724e616d657c733a353a2261646d696e223b6c6f676765645f696e7c623a313b6f72646572735f6e6f74696669636174696f6e5f6c6173745f69647c733a323a223136223b),
('qsfdunpgsh91cg64pfjj6bufcs3bnpgo', '::1', 1634128642, 0x5f5f63695f6c6173745f726567656e65726174657c693a313633343132383634323b757365724e616d657c733a353a2261646d696e223b6c6f676765645f696e7c623a313b6f72646572735f6e6f74696669636174696f6e5f6c6173745f69647c733a323a223136223b),
('7ogpbhhu0s75tp85u7nidkm0q0slra24', '::1', 1634129277, 0x5f5f63695f6c6173745f726567656e65726174657c693a313633343132393237373b757365724e616d657c733a353a2261646d696e223b6c6f676765645f696e7c623a313b6f72646572735f6e6f74696669636174696f6e5f6c6173745f69647c733a323a223136223b),
('4lbpfr7qptejo5d5aqgu4ibg00p76vpl', '::1', 1634129595, 0x5f5f63695f6c6173745f726567656e65726174657c693a313633343132393539353b757365724e616d657c733a353a2261646d696e223b6c6f676765645f696e7c623a313b6f72646572735f6e6f74696669636174696f6e5f6c6173745f69647c733a323a223136223b),
('t9cgqto1bnq4v18fvh84rpa52pt8vael', '::1', 1634129902, 0x5f5f63695f6c6173745f726567656e65726174657c693a313633343132393930323b757365724e616d657c733a353a2261646d696e223b6c6f676765645f696e7c623a313b6f72646572735f6e6f74696669636174696f6e5f6c6173745f69647c733a323a223136223b),
('lcf2d925lgj4pd27mmuuql5u1gmmm9l1', '::1', 1634130332, 0x5f5f63695f6c6173745f726567656e65726174657c693a313633343133303333323b757365724e616d657c733a353a2261646d696e223b6c6f676765645f696e7c623a313b6f72646572735f6e6f74696669636174696f6e5f6c6173745f69647c733a323a223136223b),
('33vi03qvdge18snc4shek1uj74guqnul', '::1', 1634130747, 0x5f5f63695f6c6173745f726567656e65726174657c693a313633343133303734373b757365724e616d657c733a353a2261646d696e223b6c6f676765645f696e7c623a313b6f72646572735f6e6f74696669636174696f6e5f6c6173745f69647c733a323a223136223b),
('uphd1lduo7sihgm31jm36ciqvjmfdvtp', '::1', 1634131507, 0x5f5f63695f6c6173745f726567656e65726174657c693a313633343133313530373b757365724e616d657c733a353a2261646d696e223b6c6f676765645f696e7c623a313b6f72646572735f6e6f74696669636174696f6e5f6c6173745f69647c733a323a223136223b),
('o3sc2hhqehqr62dnjg38elvd6t66haud', '::1', 1634131507, 0x5f5f63695f6c6173745f726567656e65726174657c693a313633343133313530373b757365724e616d657c733a353a2261646d696e223b6c6f676765645f696e7c623a313b6f72646572735f6e6f74696669636174696f6e5f6c6173745f69647c733a323a223136223b),
('v1nrbjbb1or756trhv6tb08fi8gsk57h', '::1', 1634187467, 0x5f5f63695f6c6173745f726567656e65726174657c693a313633343138373436373b757365724e616d657c733a353a2261646d696e223b6c6f676765645f696e7c623a313b),
('ln7i844otjmc22ck4j4mmvv153r5ttgc', '::1', 1634188542, 0x5f5f63695f6c6173745f726567656e65726174657c693a313633343138383534323b757365724e616d657c733a353a2261646d696e223b6c6f676765645f696e7c623a313b),
('ia2apc0k5g1g955dfhjn8m8n7187cv2q', '::1', 1634189236, 0x5f5f63695f6c6173745f726567656e65726174657c693a313633343138393233363b757365724e616d657c733a353a2261646d696e223b6c6f676765645f696e7c623a313b),
('c2iei1msdver262b3do7vano2vr0fiv0', '::1', 1634189684, 0x5f5f63695f6c6173745f726567656e65726174657c693a313633343138393638343b757365724e616d657c733a353a2261646d696e223b6c6f676765645f696e7c623a313b6f72646572735f6e6f74696669636174696f6e5f6c6173745f69647c733a323a223136223b),
('u1u6mmoudt0gsjl751f25a8kbc9a3nin', '::1', 1634190970, 0x5f5f63695f6c6173745f726567656e65726174657c693a313633343139303937303b757365724e616d657c733a353a2261646d696e223b6c6f676765645f696e7c623a313b6f72646572735f6e6f74696669636174696f6e5f6c6173745f69647c733a323a223136223b),
('rv3unejd2kvkgc0aq7175nl80ndhquvp', '::1', 1634191372, 0x5f5f63695f6c6173745f726567656e65726174657c693a313633343139313337323b757365724e616d657c733a353a2261646d696e223b6c6f676765645f696e7c623a313b6f72646572735f6e6f74696669636174696f6e5f6c6173745f69647c733a323a223136223b),
('ohckcn4aqqvtbbpadtk5uq2mjda8n2fb', '::1', 1634191714, 0x5f5f63695f6c6173745f726567656e65726174657c693a313633343139313731343b757365724e616d657c733a353a2261646d696e223b6c6f676765645f696e7c623a313b6f72646572735f6e6f74696669636174696f6e5f6c6173745f69647c733a323a223136223b),
('iss1f0olpu25l035g4bosblu1hat0lnh', '::1', 1634192062, 0x5f5f63695f6c6173745f726567656e65726174657c693a313633343139323036323b757365724e616d657c733a353a2261646d696e223b6c6f676765645f696e7c623a313b6f72646572735f6e6f74696669636174696f6e5f6c6173745f69647c733a323a223136223b),
('f0euuv4o8b4ahr6p24gfithgfp9rnmnd', '::1', 1634192429, 0x5f5f63695f6c6173745f726567656e65726174657c693a313633343139323432393b757365724e616d657c733a353a2261646d696e223b6c6f676765645f696e7c623a313b6f72646572735f6e6f74696669636174696f6e5f6c6173745f69647c733a323a223136223b),
('c2nk3r4s22e80nr8tmd5lic20d0fipe2', '::1', 1634193083, 0x5f5f63695f6c6173745f726567656e65726174657c693a313633343139333038333b757365724e616d657c733a353a2261646d696e223b6c6f676765645f696e7c623a313b6f72646572735f6e6f74696669636174696f6e5f6c6173745f69647c733a323a223136223b),
('0a07fegr2jt6ct3ol63atp61p5v27dc0', '::1', 1634193921, 0x5f5f63695f6c6173745f726567656e65726174657c693a313633343139333932313b757365724e616d657c733a353a2261646d696e223b6c6f676765645f696e7c623a313b6f72646572735f6e6f74696669636174696f6e5f6c6173745f69647c733a323a223136223b),
('jt137qojq2ccfg565s64cgnqbtcoq9ct', '::1', 1634194222, 0x5f5f63695f6c6173745f726567656e65726174657c693a313633343139343232323b757365724e616d657c733a353a2261646d696e223b6c6f676765645f696e7c623a313b6f72646572735f6e6f74696669636174696f6e5f6c6173745f69647c733a323a223136223b),
('f2nv5m4qfo2njm6aijcsd8rscnh9ku5r', '::1', 1634194555, 0x5f5f63695f6c6173745f726567656e65726174657c693a313633343139343535353b757365724e616d657c733a353a2261646d696e223b6c6f676765645f696e7c623a313b6f72646572735f6e6f74696669636174696f6e5f6c6173745f69647c733a323a223136223b),
('psemmn6ejbu63kv4taghsjg8jcrhhuqm', '::1', 1634194863, 0x5f5f63695f6c6173745f726567656e65726174657c693a313633343139343836333b757365724e616d657c733a353a2261646d696e223b6c6f676765645f696e7c623a313b6f72646572735f6e6f74696669636174696f6e5f6c6173745f69647c733a323a223136223b),
('ciou7kjr3vf99k0n9mtor40g5c8qb2dt', '::1', 1634195235, 0x5f5f63695f6c6173745f726567656e65726174657c693a313633343139353233353b757365724e616d657c733a353a2261646d696e223b6c6f676765645f696e7c623a313b6f72646572735f6e6f74696669636174696f6e5f6c6173745f69647c733a323a223136223b),
('05kpevala97htjjjl478ttlcdbisuad1', '::1', 1634195628, 0x5f5f63695f6c6173745f726567656e65726174657c693a313633343139353632383b757365724e616d657c733a353a2261646d696e223b6c6f676765645f696e7c623a313b6f72646572735f6e6f74696669636174696f6e5f6c6173745f69647c733a323a223136223b),
('n450dmgqrqa46cd1u0sbegjpfll8sdbp', '::1', 1634196019, 0x5f5f63695f6c6173745f726567656e65726174657c693a313633343139363031393b757365724e616d657c733a353a2261646d696e223b6c6f676765645f696e7c623a313b6f72646572735f6e6f74696669636174696f6e5f6c6173745f69647c733a323a223136223b),
('7d6ephga7c2ijlksaomvg3avua6qrqrg', '::1', 1634196366, 0x5f5f63695f6c6173745f726567656e65726174657c693a313633343139363336363b757365724e616d657c733a353a2261646d696e223b6c6f676765645f696e7c623a313b6f72646572735f6e6f74696669636174696f6e5f6c6173745f69647c733a323a223136223b),
('3rpcv55pa1980noskkro51pkeojsljpq', '::1', 1634196671, 0x5f5f63695f6c6173745f726567656e65726174657c693a313633343139363637313b757365724e616d657c733a353a2261646d696e223b6c6f676765645f696e7c623a313b6f72646572735f6e6f74696669636174696f6e5f6c6173745f69647c733a323a223136223b),
('sq4s2vbnd3un3s60gt4nk6ioujs6q0fu', '::1', 1634197063, 0x5f5f63695f6c6173745f726567656e65726174657c693a313633343139373036333b757365724e616d657c733a353a2261646d696e223b6c6f676765645f696e7c623a313b6f72646572735f6e6f74696669636174696f6e5f6c6173745f69647c733a323a223136223b),
('dfhf6cri3bl9lognk1rq5u15papajp08', '::1', 1634197376, 0x5f5f63695f6c6173745f726567656e65726174657c693a313633343139373337363b757365724e616d657c733a353a2261646d696e223b6c6f676765645f696e7c623a313b6f72646572735f6e6f74696669636174696f6e5f6c6173745f69647c733a323a223136223b),
('iu68hoa5fepnkadarce8ois1fu27khf3', '::1', 1634197847, 0x5f5f63695f6c6173745f726567656e65726174657c693a313633343139373834373b757365724e616d657c733a353a2261646d696e223b6c6f676765645f696e7c623a313b6f72646572735f6e6f74696669636174696f6e5f6c6173745f69647c733a323a223136223b),
('efd34vhg79fk04ksd6eigv5f9caeqkv9', '::1', 1634198151, 0x5f5f63695f6c6173745f726567656e65726174657c693a313633343139383135313b757365724e616d657c733a353a2261646d696e223b6c6f676765645f696e7c623a313b6f72646572735f6e6f74696669636174696f6e5f6c6173745f69647c733a323a223136223b),
('6idh791h4buangviivu1cjn3ettkqeq0', '::1', 1634198484, 0x5f5f63695f6c6173745f726567656e65726174657c693a313633343139383438343b757365724e616d657c733a353a2261646d696e223b6c6f676765645f696e7c623a313b6f72646572735f6e6f74696669636174696f6e5f6c6173745f69647c733a323a223136223b),
('7pjcgj07bld4tv1udcuf1cc5crmi2k60', '::1', 1634199005, 0x5f5f63695f6c6173745f726567656e65726174657c693a313633343139393030353b757365724e616d657c733a353a2261646d696e223b6c6f676765645f696e7c623a313b6f72646572735f6e6f74696669636174696f6e5f6c6173745f69647c733a323a223136223b),
('tq8kq6doieegaie2lr7jdjgd3fjm2n28', '::1', 1634199603, 0x5f5f63695f6c6173745f726567656e65726174657c693a313633343139393630333b757365724e616d657c733a353a2261646d696e223b6c6f676765645f696e7c623a313b6f72646572735f6e6f74696669636174696f6e5f6c6173745f69647c733a323a223136223b),
('i5cpckjmflhnkqn8s90n3ev7o20qq0pp', '::1', 1634199949, 0x5f5f63695f6c6173745f726567656e65726174657c693a313633343139393934393b757365724e616d657c733a353a2261646d696e223b6c6f676765645f696e7c623a313b6f72646572735f6e6f74696669636174696f6e5f6c6173745f69647c733a323a223136223b),
('564q0iireslr2o48lkmdg1498fqdi6kt', '::1', 1634200310, 0x5f5f63695f6c6173745f726567656e65726174657c693a313633343230303331303b757365724e616d657c733a353a2261646d696e223b6c6f676765645f696e7c623a313b6f72646572735f6e6f74696669636174696f6e5f6c6173745f69647c733a323a223136223b),
('tpir83eibfqf6q7f5akd61f2roaeqs1e', '::1', 1634200648, 0x5f5f63695f6c6173745f726567656e65726174657c693a313633343230303634383b757365724e616d657c733a353a2261646d696e223b6c6f676765645f696e7c623a313b6f72646572735f6e6f74696669636174696f6e5f6c6173745f69647c733a323a223136223b),
('ghooh34lucghm2mpk73sca8rhd4tvsbg', '::1', 1634200989, 0x5f5f63695f6c6173745f726567656e65726174657c693a313633343230303938393b757365724e616d657c733a353a2261646d696e223b6c6f676765645f696e7c623a313b6f72646572735f6e6f74696669636174696f6e5f6c6173745f69647c733a323a223136223b),
('84cbvu7la7bk39soguqm5p63njrd80md', '::1', 1634201329, 0x5f5f63695f6c6173745f726567656e65726174657c693a313633343230313332393b757365724e616d657c733a353a2261646d696e223b6c6f676765645f696e7c623a313b6f72646572735f6e6f74696669636174696f6e5f6c6173745f69647c733a323a223136223b),
('6p2u1f7479d29tki15p765qbqmq249q1', '::1', 1634201890, 0x5f5f63695f6c6173745f726567656e65726174657c693a313633343230313839303b757365724e616d657c733a353a2261646d696e223b6c6f676765645f696e7c623a313b6f72646572735f6e6f74696669636174696f6e5f6c6173745f69647c733a323a223136223b),
('s9cv5inivfaelt0m728bqgn2mrn8mfkm', '::1', 1634202217, 0x5f5f63695f6c6173745f726567656e65726174657c693a313633343230323231373b757365724e616d657c733a353a2261646d696e223b6c6f676765645f696e7c623a313b6f72646572735f6e6f74696669636174696f6e5f6c6173745f69647c733a323a223136223b),
('enoas4kulm05kpo2s84d960dgkt1lmcu', '::1', 1634202535, 0x5f5f63695f6c6173745f726567656e65726174657c693a313633343230323533353b757365724e616d657c733a353a2261646d696e223b6c6f676765645f696e7c623a313b6f72646572735f6e6f74696669636174696f6e5f6c6173745f69647c733a323a223136223b),
('uchemsvin0lnb27n1v18r611rhfqthma', '::1', 1634202856, 0x5f5f63695f6c6173745f726567656e65726174657c693a313633343230323835363b757365724e616d657c733a353a2261646d696e223b6c6f676765645f696e7c623a313b6f72646572735f6e6f74696669636174696f6e5f6c6173745f69647c733a323a223136223b),
('fjsk2s1ec6k7t6d7qrilue38p7sh48fn', '::1', 1634203164, 0x5f5f63695f6c6173745f726567656e65726174657c693a313633343230333136343b757365724e616d657c733a353a2261646d696e223b6c6f676765645f696e7c623a313b6f72646572735f6e6f74696669636174696f6e5f6c6173745f69647c733a323a223136223b),
('qpidtb0b9f1kqcjr6f4hk37bs5crqq3q', '::1', 1634204390, 0x5f5f63695f6c6173745f726567656e65726174657c693a313633343230343339303b757365724e616d657c733a353a2261646d696e223b6c6f676765645f696e7c623a313b6f72646572735f6e6f74696669636174696f6e5f6c6173745f69647c733a323a223136223b),
('c9u0b6p3ahs4hcgc47si440s8lo37rgj', '::1', 1634204853, 0x5f5f63695f6c6173745f726567656e65726174657c693a313633343230343835333b757365724e616d657c733a353a2261646d696e223b6c6f676765645f696e7c623a313b6f72646572735f6e6f74696669636174696f6e5f6c6173745f69647c733a323a223136223b),
('k1mdig67l1lhq1b47n7a7bdutqg8fh4a', '::1', 1634205172, 0x5f5f63695f6c6173745f726567656e65726174657c693a313633343230353137323b757365724e616d657c733a353a2261646d696e223b6c6f676765645f696e7c623a313b6f72646572735f6e6f74696669636174696f6e5f6c6173745f69647c733a323a223136223b),
('s8fmo9ev31ujk11gd3ius4t11fjqc2vn', '::1', 1634205516, 0x5f5f63695f6c6173745f726567656e65726174657c693a313633343230353531363b757365724e616d657c733a353a2261646d696e223b6c6f676765645f696e7c623a313b6f72646572735f6e6f74696669636174696f6e5f6c6173745f69647c733a323a223136223b),
('s62d23k9jejkq02j4mvig88dreh4o6ag', '::1', 1634205872, 0x5f5f63695f6c6173745f726567656e65726174657c693a313633343230353837323b757365724e616d657c733a353a2261646d696e223b6c6f676765645f696e7c623a313b6f72646572735f6e6f74696669636174696f6e5f6c6173745f69647c733a323a223136223b),
('44f2kr9l99r2ublimrapfc2ealk6r8iq', '::1', 1634206210, 0x5f5f63695f6c6173745f726567656e65726174657c693a313633343230363231303b757365724e616d657c733a353a2261646d696e223b6c6f676765645f696e7c623a313b6f72646572735f6e6f74696669636174696f6e5f6c6173745f69647c733a323a223136223b),
('rgc4fe1aobl9tmsqlsjjok977gstarso', '::1', 1634206533, 0x5f5f63695f6c6173745f726567656e65726174657c693a313633343230363533333b757365724e616d657c733a353a2261646d696e223b6c6f676765645f696e7c623a313b6f72646572735f6e6f74696669636174696f6e5f6c6173745f69647c733a323a223136223b),
('uopevgbjrmsfq1qogm7diia6fc4engvf', '::1', 1634206855, 0x5f5f63695f6c6173745f726567656e65726174657c693a313633343230363835353b757365724e616d657c733a353a2261646d696e223b6c6f676765645f696e7c623a313b6f72646572735f6e6f74696669636174696f6e5f6c6173745f69647c733a323a223136223b),
('mlkf76qnb6e4ks2j5nhr7esspqdh92si', '::1', 1634207763, 0x5f5f63695f6c6173745f726567656e65726174657c693a313633343230373736333b757365724e616d657c733a353a2261646d696e223b6c6f676765645f696e7c623a313b6f72646572735f6e6f74696669636174696f6e5f6c6173745f69647c733a323a223136223b),
('5r09puhkiabc0blbsqgeei2d40mkf0cq', '::1', 1634208136, 0x5f5f63695f6c6173745f726567656e65726174657c693a313633343230383133363b757365724e616d657c733a353a2261646d696e223b6c6f676765645f696e7c623a313b6f72646572735f6e6f74696669636174696f6e5f6c6173745f69647c733a323a223136223b),
('2mvv9a1brftmfcs9ibbthsdqnhm8ijk1', '::1', 1634208629, 0x5f5f63695f6c6173745f726567656e65726174657c693a313633343230383632393b757365724e616d657c733a353a2261646d696e223b6c6f676765645f696e7c623a313b6f72646572735f6e6f74696669636174696f6e5f6c6173745f69647c733a323a223136223b),
('s4ufnb8js20ahs041qnck382vuhf9pl4', '::1', 1634208956, 0x5f5f63695f6c6173745f726567656e65726174657c693a313633343230383935363b757365724e616d657c733a353a2261646d696e223b6c6f676765645f696e7c623a313b6f72646572735f6e6f74696669636174696f6e5f6c6173745f69647c733a323a223136223b),
('f7ufg79l2uie8gun7kqru05lfnimi0um', '::1', 1634209293, 0x5f5f63695f6c6173745f726567656e65726174657c693a313633343230393239333b757365724e616d657c733a353a2261646d696e223b6c6f676765645f696e7c623a313b6f72646572735f6e6f74696669636174696f6e5f6c6173745f69647c733a323a223136223b),
('386a0rsf1v9026ibf87qhkvkeqqnniuv', '::1', 1634209733, 0x5f5f63695f6c6173745f726567656e65726174657c693a313633343230393733333b757365724e616d657c733a353a2261646d696e223b6c6f676765645f696e7c623a313b6f72646572735f6e6f74696669636174696f6e5f6c6173745f69647c733a323a223136223b),
('tqp54tmcbhmjiksleqc2l81p0c3fvkho', '::1', 1634210066, 0x5f5f63695f6c6173745f726567656e65726174657c693a313633343231303036363b757365724e616d657c733a353a2261646d696e223b6c6f676765645f696e7c623a313b6f72646572735f6e6f74696669636174696f6e5f6c6173745f69647c733a323a223136223b),
('2va178a0r4p0756fa26ikc12pfrp05g3', '::1', 1634210489, 0x5f5f63695f6c6173745f726567656e65726174657c693a313633343231303438393b757365724e616d657c733a353a2261646d696e223b6c6f676765645f696e7c623a313b6f72646572735f6e6f74696669636174696f6e5f6c6173745f69647c733a323a223136223b),
('smc26v3ue6l514223ogmad4c56fdddje', '::1', 1634210813, 0x5f5f63695f6c6173745f726567656e65726174657c693a313633343231303831333b757365724e616d657c733a353a2261646d696e223b6c6f676765645f696e7c623a313b6f72646572735f6e6f74696669636174696f6e5f6c6173745f69647c733a323a223136223b),
('bgcjjaqvjtc25fd6hc7mgg5fa3tr6qkn', '::1', 1634211257, 0x5f5f63695f6c6173745f726567656e65726174657c693a313633343231313235373b757365724e616d657c733a353a2261646d696e223b6c6f676765645f696e7c623a313b6f72646572735f6e6f74696669636174696f6e5f6c6173745f69647c733a323a223136223b),
('3393ti2dmprnd8e51cvc8dro6i1slee1', '::1', 1634211677, 0x5f5f63695f6c6173745f726567656e65726174657c693a313633343231313637373b757365724e616d657c733a353a2261646d696e223b6c6f676765645f696e7c623a313b6f72646572735f6e6f74696669636174696f6e5f6c6173745f69647c733a323a223136223b),
('tkrgn7b94tuf6gbpqvfq0dtq5qqc5nfg', '::1', 1634211985, 0x5f5f63695f6c6173745f726567656e65726174657c693a313633343231313938353b757365724e616d657c733a353a2261646d696e223b6c6f676765645f696e7c623a313b6f72646572735f6e6f74696669636174696f6e5f6c6173745f69647c733a323a223136223b),
('cducfjdb80gnpdam2ibii8ct4reuq41i', '::1', 1634212288, 0x5f5f63695f6c6173745f726567656e65726174657c693a313633343231323238383b757365724e616d657c733a353a2261646d696e223b6c6f676765645f696e7c623a313b6f72646572735f6e6f74696669636174696f6e5f6c6173745f69647c733a323a223136223b),
('973n994kqlpc4ongdrp0ai1131cb1mge', '::1', 1634212601, 0x5f5f63695f6c6173745f726567656e65726174657c693a313633343231323630313b757365724e616d657c733a353a2261646d696e223b6c6f676765645f696e7c623a313b6f72646572735f6e6f74696669636174696f6e5f6c6173745f69647c733a323a223136223b),
('jb1s73o3nmnet2k3a1g35bpmhdt89l5r', '::1', 1634213173, 0x5f5f63695f6c6173745f726567656e65726174657c693a313633343231333137333b757365724e616d657c733a353a2261646d696e223b6c6f676765645f696e7c623a313b6f72646572735f6e6f74696669636174696f6e5f6c6173745f69647c733a323a223136223b),
('l70qigafmn7n1sdum01hrua3pajflc6u', '::1', 1634213732, 0x5f5f63695f6c6173745f726567656e65726174657c693a313633343231333733323b757365724e616d657c733a353a2261646d696e223b6c6f676765645f696e7c623a313b6f72646572735f6e6f74696669636174696f6e5f6c6173745f69647c733a323a223136223b),
('ms9g05hg85tvp49ckbn7dqn8cvsi5a3l', '::1', 1634214415, 0x5f5f63695f6c6173745f726567656e65726174657c693a313633343231343431353b757365724e616d657c733a353a2261646d696e223b6c6f676765645f696e7c623a313b6f72646572735f6e6f74696669636174696f6e5f6c6173745f69647c733a323a223136223b),
('9br53ginvvvupno4e7u8gcehmibavvis', '::1', 1634215287, 0x5f5f63695f6c6173745f726567656e65726174657c693a313633343231353238373b757365724e616d657c733a353a2261646d696e223b6c6f676765645f696e7c623a313b6f72646572735f6e6f74696669636174696f6e5f6c6173745f69647c733a323a223136223b),
('9agg0qj6llgab8n7cbc96thdk4fsmu3q', '::1', 1634215648, 0x5f5f63695f6c6173745f726567656e65726174657c693a313633343231353634383b757365724e616d657c733a353a2261646d696e223b6c6f676765645f696e7c623a313b6f72646572735f6e6f74696669636174696f6e5f6c6173745f69647c733a323a223136223b),
('0soj69dfqc1i2q3b2crro7r1gnsbgfs4', '::1', 1634216090, 0x5f5f63695f6c6173745f726567656e65726174657c693a313633343231363039303b757365724e616d657c733a353a2261646d696e223b6c6f676765645f696e7c623a313b6f72646572735f6e6f74696669636174696f6e5f6c6173745f69647c733a323a223136223b),
('h1am87r3v058n6rhdnl6sppbnbs4j124', '::1', 1634216764, 0x5f5f63695f6c6173745f726567656e65726174657c693a313633343231363736343b757365724e616d657c733a353a2261646d696e223b6c6f676765645f696e7c623a313b6f72646572735f6e6f74696669636174696f6e5f6c6173745f69647c733a323a223136223b),
('ai7r298h9p9p3vn9vk3ck7pkg1r4b6fv', '::1', 1634217426, 0x5f5f63695f6c6173745f726567656e65726174657c693a313633343231373432363b757365724e616d657c733a353a2261646d696e223b6c6f676765645f696e7c623a313b6f72646572735f6e6f74696669636174696f6e5f6c6173745f69647c733a323a223136223b),
('f00smavqmi06ege9lh0tguqqv0ug5uip', '::1', 1634217803, 0x5f5f63695f6c6173745f726567656e65726174657c693a313633343231373830333b757365724e616d657c733a353a2261646d696e223b6c6f676765645f696e7c623a313b6f72646572735f6e6f74696669636174696f6e5f6c6173745f69647c733a323a223136223b),
('0fnej0h2g5o8chld0ducg19o5otfpp5l', '::1', 1634218142, 0x5f5f63695f6c6173745f726567656e65726174657c693a313633343231383134323b757365724e616d657c733a353a2261646d696e223b6c6f676765645f696e7c623a313b6f72646572735f6e6f74696669636174696f6e5f6c6173745f69647c733a323a223136223b),
('hjkpvnlldcqdndgdv4gfc4pf2f1q6khr', '::1', 1634218301, 0x5f5f63695f6c6173745f726567656e65726174657c693a313633343231383134323b757365724e616d657c733a353a2261646d696e223b6c6f676765645f696e7c623a313b6f72646572735f6e6f74696669636174696f6e5f6c6173745f69647c733a323a223136223b),
('r99tm1g9gd7l3q9aqhckd4jq9dj3var0', '::1', 1634295556, 0x5f5f63695f6c6173745f726567656e65726174657c693a313633343239353535363b757365724e616d657c733a353a2261646d696e223b6c6f676765645f696e7c623a313b),
('1mulm68145bo53614i2omsuk7easjcaj', '::1', 1634295862, 0x5f5f63695f6c6173745f726567656e65726174657c693a313633343239353836323b757365724e616d657c733a353a2261646d696e223b6c6f676765645f696e7c623a313b),
('u4aa442ich6qlv652ao22hdtvlapn947', '::1', 1634297057, 0x5f5f63695f6c6173745f726567656e65726174657c693a313633343239373035373b757365724e616d657c733a353a2261646d696e223b6c6f676765645f696e7c623a313b),
('ch84vpf3e7ca32tvjtjkm0sijbj83d81', '::1', 1634297367, 0x5f5f63695f6c6173745f726567656e65726174657c693a313633343239373336373b757365724e616d657c733a353a2261646d696e223b6c6f676765645f696e7c623a313b),
('po4i2ialbtukb53em9d7fbfkoclqh111', '::1', 1634297813, 0x5f5f63695f6c6173745f726567656e65726174657c693a313633343239373831333b757365724e616d657c733a353a2261646d696e223b6c6f676765645f696e7c623a313b),
('2a6gojvpn2pdrork4mfahic5dv0dglqn', '::1', 1634298335, 0x5f5f63695f6c6173745f726567656e65726174657c693a313633343239383333353b757365724e616d657c733a353a2261646d696e223b6c6f676765645f696e7c623a313b),
('cnpl7s3fs6ofp9arijv2juri8j8nrsqo', '::1', 1634298728, 0x5f5f63695f6c6173745f726567656e65726174657c693a313633343239383732383b757365724e616d657c733a353a2261646d696e223b6c6f676765645f696e7c623a313b),
('01riv5oh2f097jdegg83v624fe7f1ofj', '::1', 1634299775, 0x5f5f63695f6c6173745f726567656e65726174657c693a313633343239393737353b757365724e616d657c733a353a2261646d696e223b6c6f676765645f696e7c623a313b),
('1d6neco5cmo3e7eiq64nkk8qgjrulnp5', '::1', 1634300083, 0x5f5f63695f6c6173745f726567656e65726174657c693a313633343330303038333b757365724e616d657c733a353a2261646d696e223b6c6f676765645f696e7c623a313b),
('2l1ge6ntanue93j42laop5oso1hmv7on', '::1', 1634300406, 0x5f5f63695f6c6173745f726567656e65726174657c693a313633343330303430363b757365724e616d657c733a353a2261646d696e223b6c6f676765645f696e7c623a313b),
('sqenpdg63pikjourv8ji2l5h8go806gs', '::1', 1634301285, 0x5f5f63695f6c6173745f726567656e65726174657c693a313633343330313238353b757365724e616d657c733a353a2261646d696e223b6c6f676765645f696e7c623a313b),
('in6hra7rn8fmb9osqnnn1clmajg1eus0', '::1', 1634301515, 0x5f5f63695f6c6173745f726567656e65726174657c693a313633343330313238353b757365724e616d657c733a353a2261646d696e223b6c6f676765645f696e7c623a313b),
('vn8kaga5lov37m72rbl40tqr6and6jt9', '::1', 1634371035, 0x5f5f63695f6c6173745f726567656e65726174657c693a313633343337313033353b757365724e616d657c733a353a2261646d696e223b6c6f676765645f696e7c623a313b),
('0hmhain0kvjhpup2eu0otbp66f5utcu5', '::1', 1634371542, 0x5f5f63695f6c6173745f726567656e65726174657c693a313633343337313534323b757365724e616d657c733a353a2261646d696e223b6c6f676765645f696e7c623a313b),
('o6lh08f7thtkc23792g0q2let8jrmt7o', '::1', 1634371930, 0x5f5f63695f6c6173745f726567656e65726174657c693a313633343337313933303b757365724e616d657c733a353a2261646d696e223b6c6f676765645f696e7c623a313b),
('9iubo6jm80j33rb19g78c91mk5rp0dk0', '::1', 1634372350, 0x5f5f63695f6c6173745f726567656e65726174657c693a313633343337323335303b757365724e616d657c733a353a2261646d696e223b6c6f676765645f696e7c623a313b),
('g3asqhvv7ofgo7tlnk8h445skucc7p43', '::1', 1634372929, 0x5f5f63695f6c6173745f726567656e65726174657c693a313633343337323932393b757365724e616d657c733a353a2261646d696e223b6c6f676765645f696e7c623a313b),
('a407ee260f78pv9q4q9kv0i28kr1unt5', '::1', 1634373257, 0x5f5f63695f6c6173745f726567656e65726174657c693a313633343337333235373b757365724e616d657c733a353a2261646d696e223b6c6f676765645f696e7c623a313b),
('396mehi9gb4g1jndcto3h71e0g3cota5', '::1', 1634373629, 0x5f5f63695f6c6173745f726567656e65726174657c693a313633343337333632393b757365724e616d657c733a353a2261646d696e223b6c6f676765645f696e7c623a313b),
('sg86mbdp6agiusobb0jhd01lgp67fdqc', '::1', 1634375549, 0x5f5f63695f6c6173745f726567656e65726174657c693a313633343337353534393b757365724e616d657c733a353a2261646d696e223b6c6f676765645f696e7c623a313b),
('4gl9q9gducd6cg7238efc2ngkl3cu7it', '::1', 1634376705, 0x5f5f63695f6c6173745f726567656e65726174657c693a313633343337363730353b757365724e616d657c733a353a2261646d696e223b6c6f676765645f696e7c623a313b),
('h7lq01sglrfsmf0e69djd6rekil1492u', '::1', 1634377074, 0x5f5f63695f6c6173745f726567656e65726174657c693a313633343337373037343b757365724e616d657c733a353a2261646d696e223b6c6f676765645f696e7c623a313b),
('k8g95ei7jjf036uqmiiipc8u2jhonm76', '::1', 1634378197, 0x5f5f63695f6c6173745f726567656e65726174657c693a313633343337383139373b757365724e616d657c733a353a2261646d696e223b6c6f676765645f696e7c623a313b),
('ml8ev6a1qd3unmmlbuu5mgkbv3df89n7', '::1', 1634378518, 0x5f5f63695f6c6173745f726567656e65726174657c693a313633343337383531383b757365724e616d657c733a353a2261646d696e223b6c6f676765645f696e7c623a313b),
('rgr84vufr2kutkite59stksed18rh1t6', '::1', 1634379671, 0x5f5f63695f6c6173745f726567656e65726174657c693a313633343337393637313b757365724e616d657c733a353a2261646d696e223b6c6f676765645f696e7c623a313b6f72646572735f6e6f74696669636174696f6e5f6c6173745f69647c733a323a223136223b),
('7mktel64j5v42ihrrv8o5lhakfrhes0c', '::1', 1634380018, 0x5f5f63695f6c6173745f726567656e65726174657c693a313633343338303031383b757365724e616d657c733a353a2261646d696e223b6c6f676765645f696e7c623a313b6f72646572735f6e6f74696669636174696f6e5f6c6173745f69647c733a323a223136223b),
('5tb68l2v4g2tnhs1ks15cvvn4kt2u516', '::1', 1634380776, 0x5f5f63695f6c6173745f726567656e65726174657c693a313633343338303737353b757365724e616d657c733a353a2261646d696e223b6c6f676765645f696e7c623a313b6f72646572735f6e6f74696669636174696f6e5f6c6173745f69647c733a323a223136223b),
('3c1al3sb0ludpn50gt3u50cj6ovhqhsu', '::1', 1634381137, 0x5f5f63695f6c6173745f726567656e65726174657c693a313633343338313133373b757365724e616d657c733a353a2261646d696e223b6c6f676765645f696e7c623a313b6f72646572735f6e6f74696669636174696f6e5f6c6173745f69647c733a323a223136223b),
('cr5q08vck8l86stcolcubjm3bjpb7rtu', '::1', 1634381538, 0x5f5f63695f6c6173745f726567656e65726174657c693a313633343338313533383b757365724e616d657c733a353a2261646d696e223b6c6f676765645f696e7c623a313b6f72646572735f6e6f74696669636174696f6e5f6c6173745f69647c733a323a223136223b),
('ei0mle9rjutplt2tkinllqr8ap5s5s0c', '::1', 1634382015, 0x5f5f63695f6c6173745f726567656e65726174657c693a313633343338323031353b757365724e616d657c733a353a2261646d696e223b6c6f676765645f696e7c623a313b6f72646572735f6e6f74696669636174696f6e5f6c6173745f69647c733a323a223136223b),
('75qj6doj5pc9aqbimk23qjgm0l2qpfom', '::1', 1634383110, 0x5f5f63695f6c6173745f726567656e65726174657c693a313633343338333131303b757365724e616d657c733a353a2261646d696e223b6c6f676765645f696e7c623a313b6f72646572735f6e6f74696669636174696f6e5f6c6173745f69647c733a323a223136223b),
('n91dlm7oribjltap0ksfrmc2l4j65icn', '::1', 1634384481, 0x5f5f63695f6c6173745f726567656e65726174657c693a313633343338343438313b757365724e616d657c733a353a2261646d696e223b6c6f676765645f696e7c623a313b6f72646572735f6e6f74696669636174696f6e5f6c6173745f69647c733a323a223136223b),
('v80r9ake40dc3ibrru255ggcoukrim7d', '::1', 1634385126, 0x5f5f63695f6c6173745f726567656e65726174657c693a313633343338353132363b757365724e616d657c733a353a2261646d696e223b6c6f676765645f696e7c623a313b6f72646572735f6e6f74696669636174696f6e5f6c6173745f69647c733a323a223136223b),
('ggl898too19an98riru3qes771bfgi5d', '::1', 1634385944, 0x5f5f63695f6c6173745f726567656e65726174657c693a313633343338353934343b757365724e616d657c733a353a2261646d696e223b6c6f676765645f696e7c623a313b6f72646572735f6e6f74696669636174696f6e5f6c6173745f69647c733a323a223136223b),
('17uv3kgml9pamm0kfv5ti795ev0o7k08', '::1', 1634386679, 0x5f5f63695f6c6173745f726567656e65726174657c693a313633343338363637393b757365724e616d657c733a353a2261646d696e223b6c6f676765645f696e7c623a313b6f72646572735f6e6f74696669636174696f6e5f6c6173745f69647c733a323a223136223b),
('1psuhj0kbf3goeuham35s37umf9tm4ln', '::1', 1634387000, 0x5f5f63695f6c6173745f726567656e65726174657c693a313633343338373030303b757365724e616d657c733a353a2261646d696e223b6c6f676765645f696e7c623a313b6f72646572735f6e6f74696669636174696f6e5f6c6173745f69647c733a323a223136223b),
('hpm1b2m47mjimipti96fkfedrtovpou9', '::1', 1634387979, 0x5f5f63695f6c6173745f726567656e65726174657c693a313633343338373937393b757365724e616d657c733a353a2261646d696e223b6c6f676765645f696e7c623a313b6f72646572735f6e6f74696669636174696f6e5f6c6173745f69647c733a323a223136223b),
('59aak2dvcj1ol72jgqch90j0rbnn03fo', '::1', 1634388630, 0x5f5f63695f6c6173745f726567656e65726174657c693a313633343338383633303b757365724e616d657c733a353a2261646d696e223b6c6f676765645f696e7c623a313b6f72646572735f6e6f74696669636174696f6e5f6c6173745f69647c733a323a223136223b),
('2ple32mdngueuuo8e06im4dt75o6q1t0', '::1', 1634388936, 0x5f5f63695f6c6173745f726567656e65726174657c693a313633343338383933363b757365724e616d657c733a353a2261646d696e223b6c6f676765645f696e7c623a313b6f72646572735f6e6f74696669636174696f6e5f6c6173745f69647c733a323a223136223b),
('bts9sj7qkr7979eep3a7qv7b1p4akcve', '::1', 1634389443, 0x5f5f63695f6c6173745f726567656e65726174657c693a313633343338393434333b757365724e616d657c733a353a2261646d696e223b6c6f676765645f696e7c623a313b6f72646572735f6e6f74696669636174696f6e5f6c6173745f69647c733a323a223136223b),
('blotmcouj6auavf771k5ghe1j8c5dfg8', '::1', 1634389796, 0x5f5f63695f6c6173745f726567656e65726174657c693a313633343338393739363b757365724e616d657c733a353a2261646d696e223b6c6f676765645f696e7c623a313b6f72646572735f6e6f74696669636174696f6e5f6c6173745f69647c733a323a223136223b),
('m71227hh969cj5k2861v6vtih7h91q7v', '::1', 1634390103, 0x5f5f63695f6c6173745f726567656e65726174657c693a313633343339303130333b757365724e616d657c733a353a2261646d696e223b6c6f676765645f696e7c623a313b6f72646572735f6e6f74696669636174696f6e5f6c6173745f69647c733a323a223136223b),
('m63ujfagijbmbfb1jiigpvrauc5ch5ap', '::1', 1634390853, 0x5f5f63695f6c6173745f726567656e65726174657c693a313633343339303130333b757365724e616d657c733a353a2261646d696e223b6c6f676765645f696e7c623a313b6f72646572735f6e6f74696669636174696f6e5f6c6173745f69647c733a323a223136223b),
('b9an9mr7d3mceaed9cv3k647t6tc42aa', '::1', 1634471486, 0x5f5f63695f6c6173745f726567656e65726174657c693a313633343437313438353b),
('j59vgcjid7o3nujpa550lalko0ah6e0i', '::1', 1634475285, 0x5f5f63695f6c6173745f726567656e65726174657c693a313633343437353238353b757365724e616d657c733a353a2261646d696e223b6c6f676765645f696e7c623a313b),
('7uah9524r8rb4q96rcv55a5fsiltekg0', '::1', 1634475844, 0x5f5f63695f6c6173745f726567656e65726174657c693a313633343437353834343b757365724e616d657c733a353a2261646d696e223b6c6f676765645f696e7c623a313b),
('3ot3bucj08fn7sfv8gb7tqu67o2hua8i', '::1', 1634476218, 0x5f5f63695f6c6173745f726567656e65726174657c693a313633343437363231383b757365724e616d657c733a353a2261646d696e223b6c6f676765645f696e7c623a313b),
('natr13raaa32r6njo0eri1ij4ra0ah8d', '::1', 1634476551, 0x5f5f63695f6c6173745f726567656e65726174657c693a313633343437363535313b757365724e616d657c733a353a2261646d696e223b6c6f676765645f696e7c623a313b),
('sropdfdnrv7hcs3af4t5aovg0oni60ct', '::1', 1634476723, 0x5f5f63695f6c6173745f726567656e65726174657c693a313633343437363535313b757365724e616d657c733a353a2261646d696e223b6c6f676765645f696e7c623a313b),
('0v0lshhfuvdl84ht27bsjtqput1nh9cd', '::1', 1634532598, 0x5f5f63695f6c6173745f726567656e65726174657c693a313633343533323539383b),
('gd73d6alou77kjgkkva2ghk2gfne7qp2', '::1', 1634533048, 0x5f5f63695f6c6173745f726567656e65726174657c693a313633343533333034383b757365724e616d657c733a353a2261646d696e223b6c6f676765645f696e7c623a313b),
('ohte1u8hkrc50vqod0eo9c1vutvn3ean', '::1', 1634533354, 0x5f5f63695f6c6173745f726567656e65726174657c693a313633343533333335343b757365724e616d657c733a353a2261646d696e223b6c6f676765645f696e7c623a313b6f72646572735f6e6f74696669636174696f6e5f6c6173745f69647c733a323a223136223b),
('bmimiujiu26i09b01sq26bafln8rmoni', '::1', 1634533698, 0x5f5f63695f6c6173745f726567656e65726174657c693a313633343533333639383b757365724e616d657c733a353a2261646d696e223b6c6f676765645f696e7c623a313b6f72646572735f6e6f74696669636174696f6e5f6c6173745f69647c733a323a223136223b),
('53d6cjbaud3fsvrd4cktnl9j1uhh9tv4', '::1', 1634534206, 0x5f5f63695f6c6173745f726567656e65726174657c693a313633343533343230363b757365724e616d657c733a353a2261646d696e223b6c6f676765645f696e7c623a313b6f72646572735f6e6f74696669636174696f6e5f6c6173745f69647c733a323a223136223b),
('8217rr1qa570961ss5him10mam308578', '::1', 1634534693, 0x5f5f63695f6c6173745f726567656e65726174657c693a313633343533343639333b757365724e616d657c733a353a2261646d696e223b6c6f676765645f696e7c623a313b6f72646572735f6e6f74696669636174696f6e5f6c6173745f69647c733a323a223136223b),
('q8g4h318fshfpq9348q90u8j4m8ptrjl', '::1', 1634535000, 0x5f5f63695f6c6173745f726567656e65726174657c693a313633343533353030303b757365724e616d657c733a353a2261646d696e223b6c6f676765645f696e7c623a313b6f72646572735f6e6f74696669636174696f6e5f6c6173745f69647c733a323a223136223b),
('st41clhaknp7m7bjplv4rpbade3as837', '::1', 1634535329, 0x5f5f63695f6c6173745f726567656e65726174657c693a313633343533353332393b757365724e616d657c733a353a2261646d696e223b6c6f676765645f696e7c623a313b6f72646572735f6e6f74696669636174696f6e5f6c6173745f69647c733a323a223136223b),
('8cnfgm8bb8a77c8d0ihrnieoft8acapg', '::1', 1634535994, 0x5f5f63695f6c6173745f726567656e65726174657c693a313633343533353939343b757365724e616d657c733a353a2261646d696e223b6c6f676765645f696e7c623a313b6f72646572735f6e6f74696669636174696f6e5f6c6173745f69647c733a323a223136223b),
('o9kg7sl4tbsa9p1g3ji90qdm2a98dqp1', '::1', 1634536304, 0x5f5f63695f6c6173745f726567656e65726174657c693a313633343533363330343b757365724e616d657c733a353a2261646d696e223b6c6f676765645f696e7c623a313b6f72646572735f6e6f74696669636174696f6e5f6c6173745f69647c733a323a223136223b),
('ad0l5r3hva9ocm2h3n5hv3clcn9gfj8n', '::1', 1634536761, 0x5f5f63695f6c6173745f726567656e65726174657c693a313633343533363736313b757365724e616d657c733a353a2261646d696e223b6c6f676765645f696e7c623a313b6f72646572735f6e6f74696669636174696f6e5f6c6173745f69647c733a323a223136223b),
('cnq95s1df1c16mras2lgfihutpkm5mep', '::1', 1634537524, 0x5f5f63695f6c6173745f726567656e65726174657c693a313633343533373532343b757365724e616d657c733a353a2261646d696e223b6c6f676765645f696e7c623a313b6f72646572735f6e6f74696669636174696f6e5f6c6173745f69647c733a323a223136223b),
('28nru5nmcrs3agrnl34r04lhlo5o91sk', '::1', 1634538279, 0x5f5f63695f6c6173745f726567656e65726174657c693a313633343533383237393b757365724e616d657c733a353a2261646d696e223b6c6f676765645f696e7c623a313b6f72646572735f6e6f74696669636174696f6e5f6c6173745f69647c733a323a223136223b),
('a501a1foe7hbb1nna98dg6ita8trhpdf', '::1', 1634538610, 0x5f5f63695f6c6173745f726567656e65726174657c693a313633343533383631303b757365724e616d657c733a353a2261646d696e223b6c6f676765645f696e7c623a313b6f72646572735f6e6f74696669636174696f6e5f6c6173745f69647c733a323a223136223b),
('d2fkb654h0r7qqko2t8r5q1l6ivrcacu', '::1', 1634539225, 0x5f5f63695f6c6173745f726567656e65726174657c693a313633343533393232353b757365724e616d657c733a353a2261646d696e223b6c6f676765645f696e7c623a313b6f72646572735f6e6f74696669636174696f6e5f6c6173745f69647c733a323a223136223b),
('uau6d48ounml6tapp2i5lpufvsm6r6be', '::1', 1634540460, 0x5f5f63695f6c6173745f726567656e65726174657c693a313633343534303436303b757365724e616d657c733a353a2261646d696e223b6c6f676765645f696e7c623a313b6f72646572735f6e6f74696669636174696f6e5f6c6173745f69647c733a323a223136223b),
('rjfupga1kh7j7u1ftm8pi67j6mm6c5qf', '::1', 1634540899, 0x5f5f63695f6c6173745f726567656e65726174657c693a313633343534303839393b757365724e616d657c733a353a2261646d696e223b6c6f676765645f696e7c623a313b6f72646572735f6e6f74696669636174696f6e5f6c6173745f69647c733a323a223136223b),
('4rs3261tr720a0q1bkm4h1n9qf20acjf', '::1', 1634541676, 0x5f5f63695f6c6173745f726567656e65726174657c693a313633343534313637363b757365724e616d657c733a353a2261646d696e223b6c6f676765645f696e7c623a313b6f72646572735f6e6f74696669636174696f6e5f6c6173745f69647c733a323a223136223b),
('oq6fnuob87k5j812m92pqp66kr929g6p', '::1', 1634542165, 0x5f5f63695f6c6173745f726567656e65726174657c693a313633343534323136353b757365724e616d657c733a353a2261646d696e223b6c6f676765645f696e7c623a313b6f72646572735f6e6f74696669636174696f6e5f6c6173745f69647c733a323a223136223b),
('9bip530hu01k44555d6fs2nrsbjjo99b', '::1', 1634543317, 0x5f5f63695f6c6173745f726567656e65726174657c693a313633343534333331373b757365724e616d657c733a353a2261646d696e223b6c6f676765645f696e7c623a313b6f72646572735f6e6f74696669636174696f6e5f6c6173745f69647c733a323a223136223b),
('tj8c6f6muilanb7ktk8a80sntf57fks7', '::1', 1634543645, 0x5f5f63695f6c6173745f726567656e65726174657c693a313633343534333634353b757365724e616d657c733a353a2261646d696e223b6c6f676765645f696e7c623a313b6f72646572735f6e6f74696669636174696f6e5f6c6173745f69647c733a323a223136223b),
('o35s7g8c12bqm5do73scjdq1h9mjvekf', '::1', 1634544024, 0x5f5f63695f6c6173745f726567656e65726174657c693a313633343534343032343b757365724e616d657c733a353a2261646d696e223b6c6f676765645f696e7c623a313b6f72646572735f6e6f74696669636174696f6e5f6c6173745f69647c733a323a223136223b),
('gcfhl00i1u61g0cac9shn6qmclmdtemg', '::1', 1634544354, 0x5f5f63695f6c6173745f726567656e65726174657c693a313633343534343335343b757365724e616d657c733a353a2261646d696e223b6c6f676765645f696e7c623a313b6f72646572735f6e6f74696669636174696f6e5f6c6173745f69647c733a323a223136223b),
('m63mjb8h06p1sq0243l6m7i20cj0ciaq', '::1', 1634544954, 0x5f5f63695f6c6173745f726567656e65726174657c693a313633343534343935343b757365724e616d657c733a353a2261646d696e223b6c6f676765645f696e7c623a313b6f72646572735f6e6f74696669636174696f6e5f6c6173745f69647c733a323a223136223b),
('cjh204ggtp4968eja0vhebfgcfglr79m', '::1', 1634545384, 0x5f5f63695f6c6173745f726567656e65726174657c693a313633343534353338343b757365724e616d657c733a353a2261646d696e223b6c6f676765645f696e7c623a313b6f72646572735f6e6f74696669636174696f6e5f6c6173745f69647c733a323a223136223b),
('b6c39ot8g2527qaqsg7secl52lmcecna', '::1', 1634546485, 0x5f5f63695f6c6173745f726567656e65726174657c693a313633343534363438353b757365724e616d657c733a353a2261646d696e223b6c6f676765645f696e7c623a313b6f72646572735f6e6f74696669636174696f6e5f6c6173745f69647c733a323a223136223b),
('pb4r7onc7g4ait2bjouk88jgv5r9s6hn', '::1', 1634546881, 0x5f5f63695f6c6173745f726567656e65726174657c693a313633343534363838313b757365724e616d657c733a353a2261646d696e223b6c6f676765645f696e7c623a313b6f72646572735f6e6f74696669636174696f6e5f6c6173745f69647c733a323a223136223b),
('kt8kfire31br7jt18l35lgp93nu920r8', '::1', 1634548293, 0x5f5f63695f6c6173745f726567656e65726174657c693a313633343534383239333b757365724e616d657c733a353a2261646d696e223b6c6f676765645f696e7c623a313b6f72646572735f6e6f74696669636174696f6e5f6c6173745f69647c733a323a223136223b),
('9o7rkipc3lelgorse5all4ebahkneck5', '::1', 1634549119, 0x5f5f63695f6c6173745f726567656e65726174657c693a313633343534393131393b757365724e616d657c733a353a2261646d696e223b6c6f676765645f696e7c623a313b6f72646572735f6e6f74696669636174696f6e5f6c6173745f69647c733a323a223136223b),
('40ioqaa0aigt32a111c5gpe1npd5kvrc', '::1', 1634549455, 0x5f5f63695f6c6173745f726567656e65726174657c693a313633343534393435353b757365724e616d657c733a353a2261646d696e223b6c6f676765645f696e7c623a313b6f72646572735f6e6f74696669636174696f6e5f6c6173745f69647c733a323a223136223b),
('3c15rsdlocojbgf7av3ukghq0uctin9h', '::1', 1634549805, 0x5f5f63695f6c6173745f726567656e65726174657c693a313633343534393830353b757365724e616d657c733a353a2261646d696e223b6c6f676765645f696e7c623a313b6f72646572735f6e6f74696669636174696f6e5f6c6173745f69647c733a323a223136223b),
('kvjqu3jllq6ug5or4bcjbl68mrrf2070', '::1', 1634550360, 0x5f5f63695f6c6173745f726567656e65726174657c693a313633343535303336303b757365724e616d657c733a353a2261646d696e223b6c6f676765645f696e7c623a313b6f72646572735f6e6f74696669636174696f6e5f6c6173745f69647c733a323a223136223b),
('jt0estb0gk2rusfo5ur65tftsvjqeole', '::1', 1634550682, 0x5f5f63695f6c6173745f726567656e65726174657c693a313633343535303638323b757365724e616d657c733a353a2261646d696e223b6c6f676765645f696e7c623a313b6f72646572735f6e6f74696669636174696f6e5f6c6173745f69647c733a323a223136223b),
('qlvbpibhgj38jmeuukllv4iedsp5ogvn', '::1', 1634550998, 0x5f5f63695f6c6173745f726567656e65726174657c693a313633343535303939383b757365724e616d657c733a353a2261646d696e223b6c6f676765645f696e7c623a313b6f72646572735f6e6f74696669636174696f6e5f6c6173745f69647c733a323a223136223b),
('nj6oricsdso8tml0kd5erdf1ah53sgtf', '::1', 1634551373, 0x5f5f63695f6c6173745f726567656e65726174657c693a313633343535313337333b757365724e616d657c733a353a2261646d696e223b6c6f676765645f696e7c623a313b6f72646572735f6e6f74696669636174696f6e5f6c6173745f69647c733a323a223136223b),
('1rj6g5p8g2j30rn1g9mjr7nton4jpbn9', '::1', 1634551696, 0x5f5f63695f6c6173745f726567656e65726174657c693a313633343535313639363b757365724e616d657c733a353a2261646d696e223b6c6f676765645f696e7c623a313b6f72646572735f6e6f74696669636174696f6e5f6c6173745f69647c733a323a223136223b),
('k1f838khv243epn4ueksf6vnt3do4fba', '::1', 1634552180, 0x5f5f63695f6c6173745f726567656e65726174657c693a313633343535323138303b757365724e616d657c733a353a2261646d696e223b6c6f676765645f696e7c623a313b6f72646572735f6e6f74696669636174696f6e5f6c6173745f69647c733a323a223136223b),
('u9av8kvr1gj28d6n487chb0baljj8i2e', '::1', 1634552653, 0x5f5f63695f6c6173745f726567656e65726174657c693a313633343535323635333b757365724e616d657c733a353a2261646d696e223b6c6f676765645f696e7c623a313b6f72646572735f6e6f74696669636174696f6e5f6c6173745f69647c733a323a223136223b),
('218m6obu1babe1e8j10rgcdkshg9ue7n', '::1', 1634553037, 0x5f5f63695f6c6173745f726567656e65726174657c693a313633343535333033373b757365724e616d657c733a353a2261646d696e223b6c6f676765645f696e7c623a313b6f72646572735f6e6f74696669636174696f6e5f6c6173745f69647c733a323a223136223b),
('ubdujhmkh47bnpl7bja3adt93d4jhi7r', '::1', 1634553514, 0x5f5f63695f6c6173745f726567656e65726174657c693a313633343535333531343b757365724e616d657c733a353a2261646d696e223b6c6f676765645f696e7c623a313b6f72646572735f6e6f74696669636174696f6e5f6c6173745f69647c733a323a223136223b),
('nk74qeg7r4beph73bn0lk8fjil53u273', '::1', 1634553846, 0x5f5f63695f6c6173745f726567656e65726174657c693a313633343535333834363b757365724e616d657c733a353a2261646d696e223b6c6f676765645f696e7c623a313b6f72646572735f6e6f74696669636174696f6e5f6c6173745f69647c733a323a223136223b),
('jh9ki1cdiaada9abql6but8fe4hf590f', '::1', 1634554231, 0x5f5f63695f6c6173745f726567656e65726174657c693a313633343535343233313b757365724e616d657c733a353a2261646d696e223b6c6f676765645f696e7c623a313b6f72646572735f6e6f74696669636174696f6e5f6c6173745f69647c733a323a223136223b);
INSERT INTO `ci_sessions` (`id`, `ip_address`, `timestamp`, `data`) VALUES
('kgqvn3r9fmpuksttghqjhn90qagk58ss', '::1', 1634554586, 0x5f5f63695f6c6173745f726567656e65726174657c693a313633343535343538363b757365724e616d657c733a353a2261646d696e223b6c6f676765645f696e7c623a313b6f72646572735f6e6f74696669636174696f6e5f6c6173745f69647c733a323a223136223b),
('itdf5gmme6hodnpd8nid9h3ustkgnhqu', '::1', 1634554954, 0x5f5f63695f6c6173745f726567656e65726174657c693a313633343535343935343b757365724e616d657c733a353a2261646d696e223b6c6f676765645f696e7c623a313b6f72646572735f6e6f74696669636174696f6e5f6c6173745f69647c733a323a223136223b),
('430ppgnf4bup6htc16u2qfcpisov1e2f', '::1', 1634555275, 0x5f5f63695f6c6173745f726567656e65726174657c693a313633343535353237353b757365724e616d657c733a353a2261646d696e223b6c6f676765645f696e7c623a313b6f72646572735f6e6f74696669636174696f6e5f6c6173745f69647c733a323a223136223b),
('ecabkfp6f591vc2l4ns1a5k8e1c2o7vt', '::1', 1634555756, 0x5f5f63695f6c6173745f726567656e65726174657c693a313633343535353735363b757365724e616d657c733a353a2261646d696e223b6c6f676765645f696e7c623a313b6f72646572735f6e6f74696669636174696f6e5f6c6173745f69647c733a323a223136223b),
('qnc5k248hebv9v5if0789eaukchrcueq', '::1', 1634556081, 0x5f5f63695f6c6173745f726567656e65726174657c693a313633343535363038313b757365724e616d657c733a353a2261646d696e223b6c6f676765645f696e7c623a313b6f72646572735f6e6f74696669636174696f6e5f6c6173745f69647c733a323a223136223b),
('e9nfq0tfu97c5d3q2ba77a0atj4977b5', '::1', 1634556732, 0x5f5f63695f6c6173745f726567656e65726174657c693a313633343535363733323b757365724e616d657c733a353a2261646d696e223b6c6f676765645f696e7c623a313b6f72646572735f6e6f74696669636174696f6e5f6c6173745f69647c733a323a223136223b),
('hhigk2kofrpq9hg2a79ge9nlk31bbld8', '::1', 1634557042, 0x5f5f63695f6c6173745f726567656e65726174657c693a313633343535373034323b757365724e616d657c733a353a2261646d696e223b6c6f676765645f696e7c623a313b6f72646572735f6e6f74696669636174696f6e5f6c6173745f69647c733a323a223136223b),
('6csftb2bbklrfbotgqq1u9lj6qc086eb', '::1', 1634557652, 0x5f5f63695f6c6173745f726567656e65726174657c693a313633343535373635323b757365724e616d657c733a353a2261646d696e223b6c6f676765645f696e7c623a313b6f72646572735f6e6f74696669636174696f6e5f6c6173745f69647c733a323a223136223b),
('9eorkrd3cc4l9ochetk903jc8jdm320g', '::1', 1634557963, 0x5f5f63695f6c6173745f726567656e65726174657c693a313633343535373936333b757365724e616d657c733a353a2261646d696e223b6c6f676765645f696e7c623a313b6f72646572735f6e6f74696669636174696f6e5f6c6173745f69647c733a323a223136223b),
('khp8ha3uk8b77o88ne5jlilcoufuu2h1', '::1', 1634558313, 0x5f5f63695f6c6173745f726567656e65726174657c693a313633343535383331333b757365724e616d657c733a353a2261646d696e223b6c6f676765645f696e7c623a313b6f72646572735f6e6f74696669636174696f6e5f6c6173745f69647c733a323a223136223b),
('5bafbpdf8i7fogipvlh9c6urq2lsj6mc', '::1', 1634559401, 0x5f5f63695f6c6173745f726567656e65726174657c693a313633343535393430313b757365724e616d657c733a353a2261646d696e223b6c6f676765645f696e7c623a313b6f72646572735f6e6f74696669636174696f6e5f6c6173745f69647c733a323a223136223b),
('c0n9pvl0p0l28ehb2i5778pbrpi0tf5g', '::1', 1634559922, 0x5f5f63695f6c6173745f726567656e65726174657c693a313633343535393932323b757365724e616d657c733a353a2261646d696e223b6c6f676765645f696e7c623a313b6f72646572735f6e6f74696669636174696f6e5f6c6173745f69647c733a323a223136223b),
('urjbku0iigmji50rp84nrjob5e43h372', '::1', 1634560319, 0x5f5f63695f6c6173745f726567656e65726174657c693a313633343536303331393b757365724e616d657c733a353a2261646d696e223b6c6f676765645f696e7c623a313b6f72646572735f6e6f74696669636174696f6e5f6c6173745f69647c733a323a223136223b),
('u5ejl67vhoc6i3fc3r44isv1jr0gai4h', '::1', 1634560750, 0x5f5f63695f6c6173745f726567656e65726174657c693a313633343536303735303b757365724e616d657c733a353a2261646d696e223b6c6f676765645f696e7c623a313b6f72646572735f6e6f74696669636174696f6e5f6c6173745f69647c733a323a223136223b),
('cqrfq8707v38nghqunqeblmt889u918n', '::1', 1634561151, 0x5f5f63695f6c6173745f726567656e65726174657c693a313633343536313135313b757365724e616d657c733a353a2261646d696e223b6c6f676765645f696e7c623a313b6f72646572735f6e6f74696669636174696f6e5f6c6173745f69647c733a323a223136223b),
('sb8g5nbmj95baethmvmrnaqq2m6h34u3', '::1', 1634561694, 0x5f5f63695f6c6173745f726567656e65726174657c693a313633343536313639343b757365724e616d657c733a353a2261646d696e223b6c6f676765645f696e7c623a313b6f72646572735f6e6f74696669636174696f6e5f6c6173745f69647c733a323a223136223b),
('h7blpji1ie99btja3m93gumad8q8v0fl', '::1', 1634562137, 0x5f5f63695f6c6173745f726567656e65726174657c693a313633343536323133373b757365724e616d657c733a353a2261646d696e223b6c6f676765645f696e7c623a313b6f72646572735f6e6f74696669636174696f6e5f6c6173745f69647c733a323a223136223b),
('k70hdjsfgnl0ct1gsj065nvblml7k7hb', '::1', 1634562452, 0x5f5f63695f6c6173745f726567656e65726174657c693a313633343536323435323b757365724e616d657c733a353a2261646d696e223b6c6f676765645f696e7c623a313b6f72646572735f6e6f74696669636174696f6e5f6c6173745f69647c733a323a223136223b),
('l2i85rd93kog59qe5js32520edpuss50', '::1', 1634562999, 0x5f5f63695f6c6173745f726567656e65726174657c693a313633343536323939393b757365724e616d657c733a353a2261646d696e223b6c6f676765645f696e7c623a313b6f72646572735f6e6f74696669636174696f6e5f6c6173745f69647c733a323a223136223b),
('tsg75pjourbt3jatl3gnnqkn8vjc9gpg', '::1', 1634563308, 0x5f5f63695f6c6173745f726567656e65726174657c693a313633343536333330383b757365724e616d657c733a353a2261646d696e223b6c6f676765645f696e7c623a313b6f72646572735f6e6f74696669636174696f6e5f6c6173745f69647c733a323a223136223b),
('i53m1nkulgdjhf1hkqapgri3tnhk0n58', '::1', 1634563625, 0x5f5f63695f6c6173745f726567656e65726174657c693a313633343536333632353b757365724e616d657c733a353a2261646d696e223b6c6f676765645f696e7c623a313b6f72646572735f6e6f74696669636174696f6e5f6c6173745f69647c733a323a223136223b),
('e5j5k35v4sd04b7ioslr3g5m60jetu62', '::1', 1634563939, 0x5f5f63695f6c6173745f726567656e65726174657c693a313633343536333933393b757365724e616d657c733a353a2261646d696e223b6c6f676765645f696e7c623a313b6f72646572735f6e6f74696669636174696f6e5f6c6173745f69647c733a323a223136223b737563636573737c733a32383a22536f63696574792044656c65746564205375636365737366756c6c79223b5f5f63695f766172737c613a313a7b733a373a2273756363657373223b733a333a226f6c64223b7d),
('s9tlq0ss02t8bidt7dco5c9aorj7k32g', '::1', 1634564214, 0x5f5f63695f6c6173745f726567656e65726174657c693a313633343536333933393b757365724e616d657c733a353a2261646d696e223b6c6f676765645f696e7c623a313b6f72646572735f6e6f74696669636174696f6e5f6c6173745f69647c733a323a223136223b737563636573737c733a32383a22536f63696574792044656c65746564205375636365737366756c6c79223b5f5f63695f766172737c613a313a7b733a373a2273756363657373223b733a333a226f6c64223b7d);

-- --------------------------------------------------------

--
-- Table structure for table `coupons_and_offers`
--

CREATE TABLE `coupons_and_offers` (
  `id` int(11) NOT NULL,
  `code` varchar(50) NOT NULL,
  `title` varchar(50) NOT NULL,
  `description` mediumtext NOT NULL,
  `discount_type` varchar(50) NOT NULL COMMENT '0=fixed or 1=%',
  `value` varchar(50) NOT NULL,
  `expiry_date` datetime NOT NULL,
  `creation_date` datetime NOT NULL,
  `start_date` datetime NOT NULL,
  `poster` varchar(100) NOT NULL,
  `isActive` int(11) NOT NULL DEFAULT 0,
  `coupan_or_offer` int(11) NOT NULL COMMENT '0=coupan or 1=offer',
  `minimum_coupan_amount` varchar(10) DEFAULT NULL COMMENT 'it holds minimum coupan amount of purchase',
  `maximum_coupan_discount_value` varchar(10) DEFAULT NULL COMMENT 'it holds maximum coupan discount value',
  `photo` varchar(100) DEFAULT NULL,
  `offer_created_by` varchar(30) DEFAULT NULL
) ENGINE=InnoDB DEFAULT CHARSET=latin1;

--
-- Dumping data for table `coupons_and_offers`
--

INSERT INTO `coupons_and_offers` (`id`, `code`, `title`, `description`, `discount_type`, `value`, `expiry_date`, `creation_date`, `start_date`, `poster`, `isActive`, `coupan_or_offer`, `minimum_coupan_amount`, `maximum_coupan_discount_value`, `photo`, `offer_created_by`) VALUES
(32, '', 'gyjj', 'ghhj', '0', '10', '2020-07-18 00:00:00', '2020-07-15 00:00:00', '2020-07-15 00:00:00', '/application/photo/offers/IMG_20200624_001700657.jpg', 1, 0, '', '', '/application/photo/offers/IMG_20200624_001700657.jpg', '6'),
(33, '', 'Kitchen', 'Kitchen', '0', '5', '2020-12-31 00:00:00', '2020-12-16 00:00:00', '2020-12-17 00:00:00', '/application/photo/offers/IMG_20201216_172101286.jpg', 1, 0, '', '', '/application/photo/offers/IMG_20201216_172101286.jpg', '6'),
(34, '', 'New Summer', 'Test', '1', '10', '2020-12-31 00:00:00', '2020-12-11 00:00:00', '2020-07-19 00:00:00', '/application/photo/offers/IMG_20200719_012454750.jpg', 1, 0, '', '', '/application/photo/offers/IMG_20200719_012454750.jpg', '6');

-- --------------------------------------------------------

--
-- Table structure for table `customers`
--

CREATE TABLE `customers` (
  `id` int(11) NOT NULL,
  `fname` varchar(50) NOT NULL,
  `lname` varchar(50) NOT NULL,
  `gender` varchar(30) NOT NULL,
  `mobile` varchar(20) NOT NULL,
  `email` varchar(100) NOT NULL,
  `otp` varchar(50) NOT NULL,
  `photo` varchar(100) DEFAULT NULL,
  `isActive` int(11) NOT NULL DEFAULT 0,
  `added` datetime NOT NULL,
  `updated` datetime DEFAULT NULL,
  `fcm_token` varchar(1000) NOT NULL
) ENGINE=InnoDB DEFAULT CHARSET=latin1;

--
-- Dumping data for table `customers`
--

INSERT INTO `customers` (`id`, `fname`, `lname`, `gender`, `mobile`, `email`, `otp`, `photo`, `isActive`, `added`, `updated`, `fcm_token`) VALUES
(1, 'Nitin', 'Sachan', 'Male', '9451009260', 'nitin@gmail.com', '689677', 'application/photo/b1b2dcc726bafd1fb7c9eaa9e8ca1c1b.jpg', 1, '2021-09-16 03:09:28', NULL, 'd7B_IgQMQuWRkFCzFURPMh:APA91bEJesvxug5gA_agRHwPBXN73HdBws_fa3JcQIO_Y6vKpsvdT3ujWqFeGd4s66STV7lu6hRz653kFcv264rZov5Zn4XuOEF6nBeyvUZ-3MXFzYJk9AH7kUW-wfLknMC6s159eK6S'),
(2, '', '', '', '8429747425', '', '830964', '', 0, '2021-09-21 02:09:02', NULL, ''),
(3, 'Vivaan', 'Sachan', 'Male', '9839266656', '', '665670', '../../shopzonewsandroid_cleaningkart/shopzone/application/photo/8e84fe0e358abf6a9a5c7379f00c747c.jpg', 1, '2021-09-21 07:09:35', NULL, 'ehDOyWZlTHOoiOHZzKgpgv:APA91bH_MO519ENjcOLkWjrJIsmeeIe5VDqlj4GXI48GVqTVMExtXkIUtwQjqa7RObSsRDrXbY3PihGXAhKYRhi9_7XwQhsC77HdIfM-auTZs6HYk7XOozxDI_FgCszg496pdXWBlLL3'),
(4, 'Salil', 'Gupta', 'Male', '9935098988', 'salilofficial@gmail.com', '851017', '', 1, '2021-09-22 12:09:59', NULL, 'dYm_FEYoQtKwwzf5LOmCuy:APA91bGc6JucG5-IF41DmYpkMsfGb3PnjKSHNTIl0OIHBPD9ULGXW_ajU-VU0dtlCoEZ0mcY5lyWLrZ76Ce2FgVsU2zywqe3nCAmgrEP8X41uMITGt7zowFov3hOFiGaaTgNeAo5L4AA'),
(5, 'Sankalp', 'K', 'Male', '9971668993', 'Sankalp', '863124', '', 1, '2021-09-22 03:09:10', NULL, 'ckeUU3GtS_qzQsliY5CnZ8:APA91bFljHwtJByi-UJPjElcUz-gsnu0igAovOJ-n3TvzZkkY61ibgtsuLR7JoLzPgBuPwByFqORWWwSzZ3zS83ZhR6Q6ZJI_SbzOKTeoF3Xb6TE1DphMI6EWHEyb-umB8uYSBMaD2Wb'),
(6, 'Abhishek', 'Tripathi', 'Male', '9582223520', '', '870892', '', 1, '2021-09-22 04:09:13', NULL, 'fAdz0mzKQjmnxXq1lqwj3F:APA91bFi2TRjWDdiw5YBgU7LbnxZpjGJ2R08oXROopc02aQIp9OHOXEAygP2pM5DZbqCwzPSaw5-MPSljwaGI9gWx8yFLZnxR7cJjp0I3Ia6muo16O4k6BXiY-gjtyGUATe4eAhlLls4'),
(7, 'siddharth', 'Gautam', 'Male', '9125846096', 'sg2420571@gmail.com', '999264', 'application/photo/3d267490a143b7674926529eb43d5759.jpg', 1, '2021-10-07 06:10:18', NULL, 'd0a8gP_7S7KAKOhqjKnbwz:APA91bHhYbRXOZIgFu3r_Pwo6teu120BaIqiVIS3hAz89SyD3eHVLNM9nl_ZeiBjCGLMvVZ-IB7yJHXVKr7mRhOl2IJ1hYeE0jPFggpJkOupfsey_koKAU95EZDp8sDWojOxGkWpFSBz');

-- --------------------------------------------------------

--
-- Table structure for table `customers_address`
--

CREATE TABLE `customers_address` (
  `id` int(11) NOT NULL,
  `customer_id` varchar(10) NOT NULL,
  `house_no` varchar(10) NOT NULL,
  `apartment_name` varchar(50) NOT NULL,
  `landmark` varchar(50) NOT NULL,
  `address` varchar(200) NOT NULL COMMENT 'fetch from google',
  `longitude` varchar(20) DEFAULT NULL COMMENT 'fetch from google',
  `latitude` varchar(20) DEFAULT NULL COMMENT 'fetch from google',
  `is_default` int(11) NOT NULL DEFAULT 0,
  `added` datetime NOT NULL DEFAULT current_timestamp(),
  `updated` datetime DEFAULT current_timestamp(),
  `state` int(11) DEFAULT NULL,
  `city` int(11) DEFAULT NULL,
  `pincode` varchar(6) DEFAULT NULL,
  `contact_name` varchar(100) NOT NULL,
  `contact` varchar(10) NOT NULL,
  `nickname` varchar(45) DEFAULT NULL
) ENGINE=InnoDB DEFAULT CHARSET=latin1;

--
-- Dumping data for table `customers_address`
--

INSERT INTO `customers_address` (`id`, `customer_id`, `house_no`, `apartment_name`, `landmark`, `address`, `longitude`, `latitude`, `is_default`, `added`, `updated`, `state`, `city`, `pincode`, `contact_name`, `contact`, `nickname`) VALUES
(1, '9451009260', '179 w2', '', '', 'juhi kala', NULL, NULL, 1, '2021-09-21 14:14:50', '2021-09-21 14:14:50', 1, 2, '208014', 'Mr nitin', '9839266656', 'HOME'),
(5, '9839266656', '179', '', '', 'juhi', NULL, NULL, 0, '2021-09-26 18:43:09', '2021-09-26 18:43:09', 1, 1, '208014', 'Mr Nitin', '9451009260', 'HOME'),
(6, '9839266656', '111', '', '', 'Juhi', NULL, NULL, 1, '2021-09-26 18:52:45', '2021-09-26 18:52:45', 1, 1, '208014', 'Mr Vivaan', '9839266656', 'HOME'),
(7, '9935098988', '23, Kazi K', '', '', 'Lal Bangla', NULL, NULL, 1, '2021-09-30 02:36:22', '2021-09-30 02:36:22', 1, 1, '208007', 'Mr Salil Gupta', '9935059157', 'HOME'),
(8, '9935098988', '403, Omaxe', '', '', 'Arjun Ganj', NULL, NULL, 0, '2021-10-09 04:14:18', '2021-10-09 04:14:18', 1, 2, '207009', 'Mr Salil Gupta', '9935098988', 'HOME');

-- --------------------------------------------------------

--
-- Table structure for table `delivery_boys`
--

CREATE TABLE `delivery_boys` (
  `id` int(11) NOT NULL,
  `full_name` varchar(100) NOT NULL,
  `email_id` varchar(100) DEFAULT NULL,
  `contact_number` varchar(100) DEFAULT NULL,
  `address` varchar(100) DEFAULT NULL,
  `photo` varchar(255) DEFAULT NULL,
  `isActive` int(11) NOT NULL DEFAULT 1,
  `shop_id` int(11) NOT NULL
) ENGINE=MyISAM DEFAULT CHARSET=latin1;

--
-- Dumping data for table `delivery_boys`
--

INSERT INTO `delivery_boys` (`id`, `full_name`, `email_id`, `contact_number`, `address`, `photo`, `isActive`, `shop_id`) VALUES
(1, 'test 1', 'jkhk', 'kjhk', 'dfjshkfsadfs', '/application/photo/deliveryBoy/happy_love_together_hug_relationship_valentine_female_male_couple-512.PNG', 1, 6),
(2, 'test 2', 'jkhk', 'kjhk', 'dfjshkfsadfs', '/application/photo/deliveryBoy/happy_love_together_hug_relationship_valentine_female_male_couple-512.PNG', 1, 6),
(3, 'bikram', 'bikramadityameher20@gmail.com', '9556674224', 'hello i donwt', '/application/photo/deliveryBoy/IMG_20200627_153603620.jpg', 1, 6),
(4, 'Nitin', '', '9451009260', '', '/application/photo/deliveryBoy/IMG_20201214_002410836.jpg', 1, 6),
(5, 'nitin', 'nitin.deep2008@gmail.com', '9839266656', 'test', '/application/photo/deliveryBoy/IMG_20201214_002448010.jpg', 1, 6),
(6, 'bikram', '', '95566874511', '', '/application/photo/deliveryBoy/null', 1, 6),
(7, 'om', 'sg2420571@gmail.com', '8601399707', 'hHs', '/application/photo/deliveryBoy/null', 1, 6);

-- --------------------------------------------------------

--
-- Table structure for table `home_banners`
--

CREATE TABLE `home_banners` (
  `id` int(11) NOT NULL,
  `img` varchar(50) NOT NULL,
  `seq` int(11) NOT NULL,
  `added` timestamp NOT NULL DEFAULT current_timestamp(),
  `shop_id` int(11) NOT NULL
) ENGINE=InnoDB DEFAULT CHARSET=utf8mb4;

--
-- Dumping data for table `home_banners`
--

INSERT INTO `home_banners` (`id`, `img`, `seq`, `added`, `shop_id`) VALUES
(1, '/application/photo/banners/banner2.jpeg', 1, '2021-09-19 19:52:48', 6);

-- --------------------------------------------------------

--
-- Table structure for table `home_headers`
--

CREATE TABLE `home_headers` (
  `id` int(11) NOT NULL,
  `title` varchar(50) NOT NULL,
  `type` int(11) NOT NULL COMMENT '1=Product header, 2=category header',
  `ids` varchar(100) NOT NULL,
  `status` int(11) NOT NULL DEFAULT 1 COMMENT '1=enable , 0=disable',
  `added` datetime NOT NULL,
  `updated` datetime DEFAULT NULL,
  `shop_id` int(11) NOT NULL
) ENGINE=MyISAM DEFAULT CHARSET=latin1;

--
-- Dumping data for table `home_headers`
--

INSERT INTO `home_headers` (`id`, `title`, `type`, `ids`, `status`, `added`, `updated`, `shop_id`) VALUES
(1, 'New Arrivals', 1, '', 1, '2021-09-29 00:00:00', NULL, 6),
(2, 'Short Time Offers', 1, '', 1, '2020-12-30 00:00:00', NULL, 6),
(3, 'Categort Offers', 2, '', 1, '2020-05-03 15:04:16', NULL, 6);

-- --------------------------------------------------------

--
-- Table structure for table `home_headers_mapping`
--

CREATE TABLE `home_headers_mapping` (
  `id` int(11) NOT NULL,
  `header_id` int(11) NOT NULL,
  `value` int(11) NOT NULL,
  `added` timestamp NOT NULL DEFAULT current_timestamp(),
  `updated` datetime DEFAULT NULL
) ENGINE=MyISAM DEFAULT CHARSET=latin1;

--
-- Dumping data for table `home_headers_mapping`
--

INSERT INTO `home_headers_mapping` (`id`, `header_id`, `value`, `added`, `updated`) VALUES
(1, 1, 6, '2020-05-22 19:06:57', NULL),
(60, 1, 45, '2021-10-09 00:00:00', NULL),
(55, 2, 42, '2021-09-29 00:00:00', NULL),
(56, 2, 43, '2021-09-29 00:00:00', NULL),
(54, 2, 44, '2021-09-29 00:00:00', NULL),
(52, 1, 42, '2021-09-29 00:00:00', NULL),
(59, 1, 47, '2021-10-09 00:00:00', NULL),
(57, 2, 43, '2021-09-29 00:00:00', NULL),
(58, 1, 48, '2021-10-09 00:00:00', NULL),
(51, 1, 43, '2021-09-29 00:00:00', NULL),
(50, 1, 44, '2021-09-29 00:00:00', NULL),
(53, 2, 6, '2021-09-29 00:00:00', NULL),
(48, 1, 7, '2021-09-17 12:46:04', NULL),
(47, 3, 1, '2021-09-16 17:21:01', NULL),
(61, 1, 46, '2021-10-09 00:00:00', NULL),
(62, 2, 48, '2021-10-09 00:00:00', NULL),
(63, 2, 45, '2021-10-09 00:00:00', NULL);

-- --------------------------------------------------------

--
-- Table structure for table `limit_and_charges`
--

CREATE TABLE `limit_and_charges` (
  `id` int(11) NOT NULL,
  `name` varchar(45) NOT NULL,
  `unit` varchar(45) NOT NULL
) ENGINE=MyISAM DEFAULT CHARSET=latin1;

--
-- Dumping data for table `limit_and_charges`
--

INSERT INTO `limit_and_charges` (`id`, `name`, `unit`) VALUES
(1, 'near by range', '20');

-- --------------------------------------------------------

--
-- Table structure for table `mobile_validation`
--

CREATE TABLE `mobile_validation` (
  `mv_id` int(11) NOT NULL,
  `pisno` varchar(10) NOT NULL,
  `mobile` varchar(10) NOT NULL
) ENGINE=InnoDB DEFAULT CHARSET=utf8mb4;

--
-- Dumping data for table `mobile_validation`
--

INSERT INTO `mobile_validation` (`mv_id`, `pisno`, `mobile`) VALUES
(1, '11100009', '9871970035'),
(2, '11110006', '9873323393'),
(3, '12110012', '9497500331'),
(4, '12130011', '9899956981'),
(5, '12160012', '8437001622'),
(6, '16040057', '9868641032'),
(7, '16050043', '8384055297'),
(8, '16080006', '9810455266'),
(9, '16080017', '9899057616'),
(10, '16080019', '9560704819'),
(11, '16080047', '9267970820'),
(12, '16080070', '8860762776'),
(13, '16080088', '7840022929'),
(14, '16080098', '9555064093'),
(15, '16080105', '9711449810'),
(16, '16080126', '9717747417'),
(17, '16080129', '9899898987'),
(18, '16080148', '9968561381'),
(19, '16080160', '9873878366'),
(20, '16080193', '9990070100'),
(21, '16080201', '9968561231'),
(22, '16080237', '8700206640'),
(23, '16080257', '9990551100'),
(24, '16080285', '9868476608'),
(25, '16080286', '8860954049'),
(26, '16080320', '9899844489'),
(27, '16080378', '8700022711'),
(28, '16080380', '9868351058'),
(29, '16080392', '9871413706'),
(30, '16090006', '9958011852'),
(31, '16090025', '9582012124'),
(32, '16090089', '8750870448'),
(33, '16090090', '9868367345'),
(34, '16090107', '9871335488'),
(35, '16090129', '9953068593'),
(36, '16090146', '9654276019'),
(37, '16090195', '9313774697'),
(38, '16090198', '9810809939'),
(39, '16090213', '7011579694'),
(40, '16100080', '9958620700'),
(41, '16100095', '8750611766'),
(42, '16100100', '9650814646'),
(43, '16100117', '9811652470'),
(44, '16100131', '9958329870'),
(45, '16100227', '9654524080'),
(46, '16100237', '9891224796'),
(47, '16100258', '9990696564'),
(48, '16110023', '8750870032'),
(49, '16130001', '9654828152'),
(50, '16140012', '9953024503'),
(51, '16140073', '9999790557'),
(52, '16140075', '9953586517'),
(53, '16140089', '9643783623'),
(54, '16140090', '9643524691'),
(55, '16140106', '9953086634'),
(56, '16140120', '9868992181'),
(57, '16140183', '8802040448'),
(58, '16140268', '9643036661'),
(59, '16140290', '9971529884'),
(60, '16140292', '9717861381'),
(61, '16140367', '9958923960'),
(62, '16140401', '8527943047'),
(63, '16140407', '8130978005'),
(64, '16140419', '7827990760'),
(65, '16140423', '9711636498'),
(66, '16140425', '9992024567'),
(67, '16140428', '8130031846'),
(68, '16140435', '7838902449'),
(69, '16140437', '9999748707'),
(70, '16140438', '9540256818'),
(71, '16150039', '8920980832'),
(72, '16150071', '8448971823'),
(73, '16150073', '8171824246'),
(74, '16150088', '9990133912'),
(75, '16150099', '8709276134'),
(76, '16150103', '9818732251'),
(77, '16160017', '9718095619'),
(78, '16160037', '8383086473'),
(79, '16160048', '8178750654'),
(80, '16160052', '8209032611'),
(81, '16180074', '9599808788'),
(82, '16180094', '8130763640'),
(83, '16190177', '9717850664'),
(84, '16190179', '9991464561'),
(85, '16190181', '9717969189'),
(86, '16190183', '7988918485'),
(87, '16190185', '8130430091'),
(88, '16190186', '8168208006'),
(89, '16190187', '9899768725'),
(90, '16190188', '9599325174'),
(91, '16190189', '9897082919'),
(92, '16190190', '9013250055'),
(93, '16190192', '7017413509'),
(94, '16190195', '8860055252'),
(95, '16190198', '9992258267'),
(96, '16190199', '8447466527'),
(97, '16190201', '8586015415'),
(98, '16190202', '9899128781'),
(99, '16190203', '9818443236'),
(100, '16190204', '7503529689'),
(101, '16190205', '9050227767'),
(102, '16190206', '9999508133'),
(103, '16190207', '9871536200'),
(104, '16190208', '7876851817'),
(105, '16190209', '9205010470'),
(106, '16190210', '8010103410'),
(107, '16190211', '8800149003'),
(108, '16190212', '9813813768'),
(109, '16190213', '7017534345'),
(110, '16190214', '8930795097'),
(111, '16190215', '8766258319'),
(112, '16190217', '7678689664'),
(113, '16190218', '7015062820'),
(114, '16190219', '7988739473'),
(115, '16190220', '7531013104'),
(116, '16190221', '8700244713'),
(117, '16190222', '8860183121'),
(118, '16190223', '8010043004'),
(119, '16190224', '9540286252'),
(120, '16190225', '9540039203'),
(121, '16190227', '8447701698'),
(122, '16190229', '9999484442'),
(123, '16190230', '8851272304'),
(124, '16190231', '8920786867'),
(125, '16190232', '8750309527'),
(126, '16190628', '7302728696'),
(127, '16190629', '7500747537'),
(128, '16850024', '9818625660'),
(129, '16880123', '9811048367'),
(130, '16890062', '9811977899'),
(131, '16890081', '9911999333'),
(132, '16890086', '9868537075'),
(133, '16900002', '9810226764'),
(134, '16900006', '8750871311'),
(135, '16900054', '9810164201'),
(136, '16910011', '9899482888'),
(137, '16910019', '8750870157'),
(138, '16910061', '9958856668'),
(139, '16920036', '9899146226'),
(140, '16920041', '7065036262'),
(141, '16920063', '9717502119'),
(142, '16940058', '9811110224'),
(143, '16940069', '9560164979'),
(144, '16950028', '9990220414'),
(145, '16950048', '9999671499'),
(146, '16950096', '9891354617'),
(147, '16950099', '9971989020'),
(148, '16950134', '8750871029'),
(149, '16950179', '8750870934'),
(150, '16950199', '7982278804'),
(151, '16950216', '9212681314'),
(152, '16950237', '9540526326'),
(153, '16950241', '8750870932'),
(154, '16960067', '9811778765'),
(155, '16960182', '9911100236'),
(156, '16960211', '9818058403'),
(157, '16960217', '9818313811'),
(158, '16960224', '9868207716'),
(159, '16960232', '9313910154'),
(160, '16970002', '9810797579'),
(161, '16970003', '9810107765'),
(162, '16970022', '7290906004'),
(163, '16970033', '9818473441'),
(164, '16970041', '9013466664'),
(165, '16970047', '7503380366'),
(166, '16970082', '8750870991'),
(167, '16970125', '9990006554'),
(168, '16970135', '9910907929'),
(169, '16970153', '9213171882'),
(170, '16970156', '9811400531'),
(171, '16970182', '9868168858'),
(172, '16970205', '9911442425'),
(173, '16980001', '9899649987'),
(174, '16980010', '9711893408'),
(175, '16980022', '9891494363'),
(176, '24880018', '9899006406'),
(177, '24880020', '7065036085'),
(178, '24880056', '9968261261'),
(179, '24910006', '9315884798'),
(180, '24960035', '8700858816'),
(181, '25910012', '9891909950'),
(182, '27000026', '9910419491'),
(183, '27010121', '9868118624'),
(184, '27080033', '9540995183'),
(185, '27130155', '9811355315'),
(186, '27130207', '9911297884'),
(187, '27130212', '7982430668'),
(188, '27130214', '8112250436'),
(189, '27130243', '9928267197'),
(190, '27130282', '9599915320'),
(191, '27150010', '9971600500'),
(192, '27150031', '7011434144'),
(193, '27150051', '9650146758'),
(194, '27150066', '9466468071'),
(195, '27150080', '8890991677'),
(196, '27150096', '7838682071'),
(197, '27150097', '8882923216'),
(198, '27150153', '8802682958'),
(199, '27150155', '9899557640'),
(200, '27160114', '8882733364'),
(201, '27170077', '8860920996'),
(202, '27170083', '8383965104'),
(203, '27180039', '8802222004'),
(204, '27200027', '9560223452'),
(205, '27850091', '9968094777'),
(206, '27860113', '9811945129'),
(207, '27860152', '9711116575'),
(208, '27890320', '8595370947'),
(209, '27900122', '9868228409'),
(210, '27910073', '9868166009'),
(211, '27910133', '9211878866'),
(212, '27910147', '9210900635'),
(213, '27910172', '9312228501'),
(214, '27930002', '9717740306'),
(215, '27940020', '9717976547'),
(216, '27940054', '9968243937'),
(217, '27940066', '7011350050'),
(218, '27950009', '9868938587'),
(219, '27970070', '9958855512'),
(220, '27970104', '9810717505'),
(221, '27970175', '8750870532'),
(222, '28000482', '9953285758'),
(223, '28000492', '9810939072'),
(224, '28000506', '9999389370'),
(225, '28010023', '7011467315'),
(226, '28010070', '7982244211'),
(227, '28010080', '8750859911'),
(228, '28010101', '9868760232'),
(229, '28010119', '9999096346'),
(230, '28010124', '9868522169'),
(231, '28010146', '9868606813'),
(232, '28010150', '8750357474'),
(233, '28010152', '9540531532'),
(234, '28010169', '7827362511'),
(235, '28010170', '9868754038'),
(236, '28010191', '9868452660'),
(237, '28010194', '8800519044'),
(238, '28010210', '9868905940'),
(239, '28010289', '9910300141'),
(240, '28010338', '9999497022'),
(241, '28010357', '9891501415'),
(242, '28010362', '8882041657'),
(243, '28010393', '8851018843'),
(244, '28010420', '7742569509'),
(245, '28010436', '9868318479'),
(246, '28010462', '9013279727'),
(247, '28010464', '9013140579'),
(248, '28010489', '9868318125'),
(249, '28010517', '8750755595'),
(250, '28010521', '9868608225'),
(251, '28010547', '9910573095'),
(252, '28010570', '9968021989'),
(253, '28010571', '9968236398'),
(254, '28010573', '9013475747'),
(255, '28010590', '8700758184'),
(256, '28010594', '9999838440'),
(257, '28010630', '7011310910'),
(258, '28010643', '9015555424'),
(259, '28010657', '9718730220'),
(260, '28010660', '9873419706'),
(261, '28010674', '8076491118'),
(262, '28010681', '8505974646'),
(263, '28010682', '7976007486'),
(264, '28010710', '8700287090'),
(265, '28010712', '9968217494'),
(266, '28010718', '9650664743'),
(267, '28010758', '9891911891'),
(268, '28010759', '9968348657'),
(269, '28010784', '9953168060'),
(270, '28010797', '8209614861'),
(271, '28010799', '9968140022'),
(272, '28010804', '9868023616'),
(273, '28010846', '8700726424'),
(274, '28010850', '9911757527'),
(275, '28010852', '9868465619'),
(276, '28010865', '9899777718'),
(277, '28010866', '9868587507'),
(278, '28010885', '9873701780'),
(279, '28010888', '9968480655'),
(280, '28010891', '8750824483'),
(281, '28010894', '8949688819'),
(282, '28010912', '9953531548'),
(283, '28010937', '9650472644'),
(284, '28010966', '9868643441'),
(285, '28011009', '9868403343'),
(286, '28011013', '9911138105'),
(287, '28011032', '8826414768'),
(288, '28011065', '9868315072'),
(289, '28011069', '9968219326'),
(290, '28011073', '9968130281'),
(291, '28011091', '9868334251'),
(292, '28011114', '8178317567'),
(293, '28011148', '9891117812'),
(294, '28011149', '8383846427'),
(295, '28011156', '8802266345'),
(296, '28011189', '9718605522'),
(297, '28011195', '7015110512'),
(298, '28011221', '9811528262'),
(299, '28011474', '9871376786'),
(300, '28011484', '9560791585'),
(301, '28011520', '9899656726'),
(302, '28011523', '9588208488'),
(303, '28011529', '8700503738'),
(304, '28011564', '9711820708'),
(305, '28011587', '9650302265'),
(306, '28011590', '9868857602'),
(307, '28011660', '9717638803'),
(308, '28011664', '9810846629'),
(309, '28011701', '9911112098'),
(310, '28011711', '7982094067'),
(311, '28011716', '9560958383'),
(312, '28011739', '9968387696'),
(313, '28011744', '9999207266'),
(314, '28011815', '8750230005'),
(315, '28011819', '9717472877'),
(316, '28012044', '9868357463'),
(317, '28012058', '8800818782'),
(318, '28012059', '8700487101'),
(319, '28012067', '9911128227'),
(320, '28012068', '9990181218'),
(321, '28012098', '9643598561'),
(322, '28012134', '9868940353'),
(323, '28012135', '9015729287'),
(324, '28012139', '9911678855'),
(325, '28012163', '8700853882'),
(326, '28012218', '9868256940'),
(327, '28012220', '9911988060'),
(328, '28012235', '9968493482'),
(329, '28012257', '8920135718'),
(330, '28012260', '9873136900'),
(331, '28012262', '7296890798'),
(332, '28020017', '9968373452'),
(333, '28020081', '9810715606'),
(334, '28020084', '9650171085'),
(335, '28020086', '9625209287'),
(336, '28020134', '9868468052'),
(337, '28020142', '8178076047'),
(338, '28030091', '9868937521'),
(339, '28030099', '9868760437'),
(340, '28030131', '8178484711'),
(341, '28030155', '8700861167'),
(342, '28030185', '9711740600'),
(343, '28030198', '7042563808'),
(344, '28030216', '7291953656'),
(345, '28030220', '9868601615'),
(346, '28030262', '9540521172'),
(347, '28030289', '9868317595'),
(348, '28030300', '9868401892'),
(349, '28030341', '9990055638'),
(350, '28030343', '9899189825'),
(351, '28030352', '9891424387'),
(352, '28030356', '9868942074'),
(353, '28030376', '7878604404'),
(354, '28030405', '9811644640'),
(355, '28030424', '9868541988'),
(356, '28030426', '9313490379'),
(357, '28030446', '7011769950'),
(358, '28030513', '9811924675'),
(359, '28030531', '9868466568'),
(360, '28030566', '8459416346'),
(361, '28030575', '8279906954'),
(362, '28030586', '7503370520'),
(363, '28030620', '9910569662'),
(364, '28030656', '9871812927'),
(365, '28030662', '8279820824'),
(366, '28030664', '9540254871'),
(367, '28030679', '9899944277'),
(368, '28030682', '9990443144'),
(369, '28030691', '8178269404'),
(370, '28030710', '9968776205'),
(371, '28030725', '8750179090'),
(372, '28030734', '8447023213'),
(373, '28030741', '9555624747'),
(374, '28030742', '9211372022'),
(375, '28030803', '8802004080'),
(376, '28030826', '9873334812'),
(377, '28030842', '9968558663'),
(378, '28030847', '9910082100'),
(379, '28030874', '9910390728'),
(380, '28030883', '9868321249'),
(381, '28030886', '9891308704'),
(382, '28030912', '9868979303'),
(383, '28030916', '9968070742'),
(384, '28030921', '8178608441'),
(385, '28030928', '8800431421'),
(386, '28030947', '9868716413'),
(387, '28030991', '9560158173'),
(388, '28031001', '9650782187'),
(389, '28031052', '8447942423'),
(390, '28031085', '8851433518'),
(391, '28031103', '9968135676'),
(392, '28031225', '9968440921'),
(393, '28031252', '9990661290'),
(394, '28031267', '8851901801'),
(395, '28031271', '9868307723'),
(396, '28031328', '8700537105'),
(397, '28031356', '9891723439'),
(398, '28031359', '9868003997'),
(399, '28031364', '9868996625'),
(400, '28031368', '9868327321'),
(401, '28031369', '9871230730'),
(402, '28031406', '7982705663'),
(403, '28031442', '9868878836'),
(404, '28031444', '8851335741'),
(405, '28031451', '9868484606'),
(406, '28031458', '9968995156'),
(407, '28031511', '9911555665'),
(408, '28031558', '9818537057'),
(409, '28031576', '8802000502'),
(410, '28031617', '8860261518'),
(411, '28031640', '9013164229'),
(412, '28031679', '9350527053'),
(413, '28031684', '9868035137'),
(414, '28031686', '8168431183'),
(415, '28031693', '9968252287'),
(416, '28031695', '9971804755'),
(417, '28031714', '9891468672'),
(418, '28031724', '9319056970'),
(419, '28031774', '7011257376'),
(420, '28031782', '9910429015'),
(421, '28031788', '9968363026'),
(422, '28031821', '9868556559'),
(423, '28031822', '9910662682'),
(424, '28031823', '9868984268'),
(425, '28031854', '9582903207'),
(426, '28031857', '9868047193'),
(427, '28031871', '8076181334'),
(428, '28031913', '9868026832'),
(429, '28031915', '9968954091'),
(430, '28040003', '9810106609'),
(431, '28040077', '9968243656'),
(432, '28040153', '9868668170'),
(433, '28040156', '9911242876'),
(434, '28040244', '9910539534'),
(435, '28040266', '8076746518'),
(436, '28040275', '8851104955'),
(437, '28040277', '7217782938'),
(438, '28040283', '9968058511'),
(439, '28040305', '9968243650'),
(440, '28040314', '9953420473'),
(441, '28040362', '9968123830'),
(442, '28040371', '9968423169'),
(443, '28040382', '7011763550'),
(444, '28040390', '9968230994'),
(445, '28040425', '7986445066'),
(446, '28040434', '9968444322'),
(447, '28040459', '9013218803'),
(448, '28050027', '8447362067'),
(449, '28060072', '9868663006'),
(450, '28060085', '9911778822'),
(451, '28060215', '9968882843'),
(452, '28060235', '9968016527'),
(453, '28060267', '8010252585'),
(454, '28060275', '9871714753'),
(455, '28060304', '9958138077'),
(456, '28060342', '9312135085'),
(457, '28060394', '9968418512'),
(458, '28060405', '9968409504'),
(459, '28060424', '9868612564'),
(460, '28060477', '9868778819'),
(461, '28060493', '9868079809'),
(462, '28060507', '9650722062'),
(463, '28060536', '9868020478'),
(464, '28060552', '9968449516'),
(465, '28060568', '7678468433'),
(466, '28060627', '8851177880'),
(467, '28060629', '8800732136'),
(468, '28060646', '9312054053'),
(469, '28060652', '9990004344'),
(470, '28060667', '9868715092'),
(471, '28060670', '7011255700'),
(472, '28060681', '8700023097'),
(473, '28060687', '9555559122'),
(474, '28060709', '9267987878'),
(475, '28060711', '9868080579'),
(476, '28060760', '8700134534'),
(477, '28060774', '7289848910'),
(478, '28060775', '9555426015'),
(479, '28060797', '9999934025'),
(480, '28060805', '9654424858'),
(481, '28060876', '9868310715'),
(482, '28060912', '8826717976'),
(483, '28060971', '9910107661'),
(484, '28061018', '9810532730'),
(485, '28061031', '9711740606'),
(486, '28061049', '9868795868'),
(487, '28061091', '8178685725'),
(488, '28061103', '9540600012'),
(489, '28061107', '9971673006'),
(490, '28061180', '9873126137'),
(491, '28061220', '9971390228'),
(492, '28061244', '9968429226'),
(493, '28061290', '9810975525'),
(494, '28061345', '9811586524'),
(495, '28061390', '9868665867'),
(496, '28061403', '8802024342'),
(497, '28061435', '9999021187'),
(498, '28061451', '9310881015'),
(499, '28061777', '9306127917'),
(500, '28061820', '9968492710'),
(501, '28061829', '9821477595'),
(502, '28061830', '9910234637'),
(503, '28061837', '9968473165'),
(504, '28061841', '9868407550'),
(505, '28061940', '9717633519'),
(506, '28061964', '8076319872'),
(507, '28061994', '9671337541'),
(508, '28062050', '9599423364'),
(509, '28062078', '8527759516'),
(510, '28062107', '9891595107'),
(511, '28062120', '9871484205'),
(512, '28062288', '9873963431'),
(513, '28062366', '8586930881'),
(514, '28062384', '9711223878'),
(515, '28062490', '8368043676'),
(516, '28062501', '9958266316'),
(517, '28062527', '9599919322'),
(518, '28062533', '9999400648'),
(519, '28062593', '9205870630'),
(520, '28062626', '7015775959'),
(521, '28062681', '9911757559'),
(522, '28062765', '9868760795'),
(523, '28062853', '8750500537'),
(524, '28062899', '9899852253'),
(525, '28062904', '9560956066'),
(526, '28062919', '9868730277'),
(527, '28063051', '9968492724'),
(528, '28063053', '9968201455'),
(529, '28063061', '9868468600'),
(530, '28070080', '7838202002'),
(531, '28070170', '9968383327'),
(532, '28070220', '9560616267'),
(533, '28070221', '9968803953'),
(534, '28070230', '7291855150'),
(535, '28070278', '9582815006'),
(536, '28070280', '8587097566'),
(537, '28070292', '9654018428'),
(538, '28070323', '9136112062'),
(539, '28070351', '9911768200'),
(540, '28070432', '9891940333'),
(541, '28070447', '9953488810'),
(542, '28070518', '9871097109'),
(543, '28070589', '9999785010'),
(544, '28070625', '9958774712'),
(545, '28070626', '7838473426'),
(546, '28070651', '8076531415'),
(547, '28070652', '9718353154'),
(548, '28070673', '8800749009'),
(549, '28070723', '9958899929'),
(550, '28070728', '9868382980'),
(551, '28070748', '9266666475'),
(552, '28070761', '9968522991'),
(553, '28070807', '9953875481'),
(554, '28070936', '9958892959'),
(555, '28070969', '9953709953'),
(556, '28070983', '9015132533'),
(557, '28071145', '9868716758'),
(558, '28071173', '9811618252'),
(559, '28071175', '9868335723'),
(560, '28071237', '9990105054'),
(561, '28071274', '9711052233'),
(562, '28071296', '9868402632'),
(563, '28071351', '7011525993'),
(564, '28071355', '8010555335'),
(565, '28071396', '9811428939'),
(566, '28071518', '9953198383'),
(567, '28071519', '9015581501'),
(568, '28071525', '9711058768'),
(569, '28071572', '9711065858'),
(570, '28071584', '9136175451'),
(571, '28071587', '9968988659'),
(572, '28071595', '8375096740'),
(573, '28071659', '9891919268'),
(574, '28071675', '9013430350'),
(575, '28071768', '9953771750'),
(576, '28071883', '9716603831'),
(577, '28071886', '9968545421'),
(578, '28071916', '8586034036'),
(579, '28071922', '9250578963'),
(580, '28071943', '9953623626'),
(581, '28072014', '9582022932'),
(582, '28072036', '9643590407'),
(583, '28080007', '8750026060'),
(584, '28080011', '9896715640'),
(585, '28080055', '8700321054'),
(586, '28080148', '9711063966'),
(587, '28080192', '9999513851'),
(588, '28080240', '9650072824'),
(589, '28080247', '7838684331'),
(590, '28080267', '9868050381'),
(591, '28080290', '9711529033'),
(592, '28080297', '9868568134'),
(593, '28080325', '9968450276'),
(594, '28080330', '9891864375'),
(595, '28080332', '8742955052'),
(596, '28080340', '9015112811'),
(597, '28080343', '9990007160'),
(598, '28080351', '9891849701'),
(599, '28080378', '9718927130'),
(600, '28080385', '9560916169'),
(601, '28080412', '9968794953'),
(602, '28080433', '8800544588'),
(603, '28080500', '9811822613'),
(604, '28080505', '8800177021'),
(605, '28080511', '9268325292'),
(606, '28080521', '9868574202'),
(607, '28080585', '9968437538'),
(608, '28080622', '9650626054'),
(609, '28080679', '8860237654'),
(610, '28080712', '9310272575'),
(611, '28080721', '9013778057'),
(612, '28080767', '7011370510'),
(613, '28080822', '9136545181'),
(614, '28080835', '9868026700'),
(615, '28080866', '9818380470'),
(616, '28080868', '9711851623'),
(617, '28080935', '8851299008'),
(618, '28080966', '7290000709'),
(619, '28080993', '8851220372'),
(620, '28081026', '9990520378'),
(621, '28081046', '9899339323'),
(622, '28081051', '9811417341'),
(623, '28081199', '9868574457'),
(624, '28081201', '9650982245'),
(625, '28081217', '9310796092'),
(626, '28081254', '8750860033'),
(627, '28081307', '9968521992'),
(628, '28081308', '9278674463'),
(629, '28081335', '9555601683'),
(630, '28081366', '9873084876'),
(631, '28081378', '8826582678'),
(632, '28081402', '8010623453'),
(633, '28081462', '9278417777'),
(634, '28081467', '9718044481'),
(635, '28081488', '8750663222'),
(636, '28081622', '8595355507'),
(637, '28081628', '8171470709'),
(638, '28081640', '8168655137'),
(639, '28081669', '7042419254'),
(640, '28081694', '9013856324'),
(641, '28081724', '9319410075'),
(642, '28081747', '7678658485'),
(643, '28081753', '9891321777'),
(644, '28081783', '9953549009'),
(645, '28081883', '8750226161'),
(646, '28081913', '9968538860'),
(647, '28081934', '9871713926'),
(648, '28081943', '8510009293'),
(649, '28081945', '9968914896'),
(650, '28081962', '7861081962'),
(651, '28081964', '8708969450'),
(652, '28082046', '9868704959'),
(653, '28082068', '9711790779'),
(654, '28082126', '9958718941'),
(655, '28082183', '9953435314'),
(656, '28082184', '9350980270'),
(657, '28082217', '9266550661'),
(658, '28082221', '9205159706'),
(659, '28082229', '9654993676'),
(660, '28082237', '9891495161'),
(661, '28082243', '9891584566'),
(662, '28082256', '8218532425'),
(663, '28082268', '9911144833'),
(664, '28082332', '9013504935'),
(665, '28082335', '9716886544'),
(666, '28082346', '7011647446'),
(667, '28082424', '9873529456'),
(668, '28082471', '8130211168'),
(669, '28082489', '8860649455'),
(670, '28082496', '8776822157'),
(671, '28082525', '8510831981'),
(672, '28082540', '8860749291'),
(673, '28082541', '9968764919'),
(674, '28082544', '8700367180'),
(675, '28082546', '9971760473'),
(676, '28082555', '8010376691'),
(677, '28082584', '9350757171'),
(678, '28082592', '9891956795'),
(679, '28082656', '9999893410'),
(680, '28082674', '8447731096'),
(681, '28082950', '9811653007'),
(682, '28083089', '9013100390'),
(683, '28090202', '9811544009'),
(684, '28090224', '9013072779'),
(685, '28090331', '9599444085'),
(686, '28090362', '8130013932'),
(687, '28090384', '8826247595'),
(688, '28090442', '9868965355'),
(689, '28090461', '8700853332'),
(690, '28090467', '8810445712'),
(691, '28090506', '9868414380'),
(692, '28090542', '9560025980'),
(693, '28090556', '9643104250'),
(694, '28090598', '9718551360'),
(695, '28090636', '7048911242'),
(696, '28090650', '9599560079'),
(697, '28090691', '8802778847'),
(698, '28090706', '8860416987'),
(699, '28090759', '8130100127'),
(700, '28090831', '8375995431'),
(701, '28090896', '9990363200'),
(702, '28090902', '7011951854'),
(703, '28090934', '9654927604'),
(704, '28090941', '9810634202'),
(705, '28090956', '9289430428'),
(706, '28091048', '9810642173'),
(707, '28091049', '8800159664'),
(708, '28091136', '9873989522'),
(709, '28091137', '9650852216'),
(710, '28091157', '7678460347'),
(711, '28091169', '7015397971'),
(712, '28091191', '7917883521'),
(713, '28091207', '9958045941'),
(714, '28091362', '9871461159'),
(715, '28091371', '9015148696'),
(716, '28091375', '7532088446'),
(717, '28091564', '8510857676'),
(718, '28091618', '8800727476'),
(719, '28091723', '9654337175'),
(720, '28091743', '8130552725'),
(721, '28091840', '9210351853'),
(722, '28091958', '9650332552'),
(723, '28091997', '9968971782'),
(724, '28092073', '9555381673'),
(725, '28092152', '9728968017'),
(726, '28092157', '9313059393'),
(727, '28092167', '9873316178'),
(728, '28092244', '9599258636'),
(729, '28092250', '9650886270'),
(730, '28092263', '8178573557'),
(731, '28092274', '9718546700'),
(732, '28092347', '8287843868'),
(733, '28092368', '7838838198'),
(734, '28092408', '9968976646'),
(735, '28092428', '7678662387'),
(736, '28092440', '8010999501'),
(737, '28092478', '9599367686'),
(738, '28092490', '9015352702'),
(739, '28092528', '8010396110'),
(740, '28092537', '9560174285'),
(741, '28092566', '9868410219'),
(742, '28092587', '8459083869'),
(743, '28092589', '8750863366'),
(744, '28092714', '9650844592'),
(745, '28092854', '9013702654'),
(746, '28092917', '9582286737'),
(747, '28093118', '9968799460'),
(748, '28093127', '9555382550'),
(749, '28093198', '9958665841'),
(750, '28093200', '7011154071'),
(751, '28093226', '8875042257'),
(752, '28093241', '9873770816'),
(753, '28093250', '8285280162'),
(754, '28093288', '7017233165'),
(755, '28093291', '9136911849'),
(756, '28093311', '9560126083'),
(757, '28093338', '9555829410'),
(758, '28093369', '9911009003'),
(759, '28093401', '9136244044'),
(760, '28093454', '8700174900'),
(761, '28093550', '9711157983'),
(762, '28093611', '9990444862'),
(763, '28093729', '8010704526'),
(764, '28093770', '9716403925'),
(765, '28093906', '9650143466'),
(766, '28093908', '8826886158'),
(767, '28093921', '9582362003'),
(768, '28093988', '9818626070'),
(769, '28093995', '9560662736'),
(770, '28093996', '9953611575'),
(771, '28094008', '9958232644'),
(772, '28094151', '8505970007'),
(773, '28094152', '7840059152'),
(774, '28094196', '9555704996'),
(775, '28094233', '9871369424'),
(776, '28094257', '9136981010'),
(777, '28094258', '8743871788'),
(778, '28094322', '9953647788'),
(779, '28094331', '9654427337'),
(780, '28094379', '8750214422'),
(781, '28094403', '7428808403'),
(782, '28094500', '9205920325'),
(783, '28094545', '9891098764'),
(784, '28094548', '9711735733'),
(785, '28094556', '9210704704'),
(786, '28094608', '9716462474'),
(787, '28094609', '7017163394'),
(788, '28094619', '9654048989'),
(789, '28094621', '9953786267'),
(790, '28100007', '9910381300'),
(791, '28100048', '9717926636'),
(792, '28100079', '8860283222'),
(793, '28100082', '9013386187'),
(794, '28100089', '8285082643'),
(795, '28100093', '9654458648'),
(796, '28100116', '9911161091'),
(797, '28100124', '8168275253'),
(798, '28100146', '9871635966'),
(799, '28100150', '9910850294'),
(800, '28100161', '8010098601'),
(801, '28100240', '8851680501'),
(802, '28100260', '8800492556'),
(803, '28100324', '8810634240'),
(804, '28100335', '9717650042'),
(805, '28100402', '8802447052'),
(806, '28100417', '9911559633'),
(807, '28100459', '9650646335'),
(808, '28100471', '7503956181'),
(809, '28100489', '9870153360'),
(810, '28100526', '8750766999'),
(811, '28100636', '9718485905'),
(812, '28100688', '7834827178'),
(813, '28100747', '9650161701'),
(814, '28100873', '8447830490'),
(815, '28100881', '9718481065'),
(816, '28100911', '8010611537'),
(817, '28100921', '7048962058'),
(818, '28100929', '9911923289'),
(819, '28100947', '8053945660'),
(820, '28100954', '9013493390'),
(821, '28100969', '8010039922'),
(822, '28101029', '9891251658'),
(823, '28101033', '9650656539'),
(824, '28101105', '9560673850'),
(825, '28101180', '9990974799'),
(826, '28101189', '9660595991'),
(827, '28101211', '9311311945'),
(828, '28101218', '8882655592'),
(829, '28101250', '9540002970'),
(830, '28101328', '9910155971'),
(831, '28101335', '8375830063'),
(832, '28101418', '9999665965'),
(833, '28101464', '8010471034'),
(834, '28101470', '9911685511'),
(835, '28101471', '9540083196'),
(836, '28101472', '9718425408'),
(837, '28101517', '8527980965'),
(838, '28101557', '8130976197'),
(839, '28101592', '8700195410'),
(840, '28101596', '9560714473'),
(841, '28101661', '9968029740'),
(842, '28101672', '9013510611'),
(843, '28101723', '9911100116'),
(844, '28101775', '9999593193'),
(845, '28101800', '8178800381'),
(846, '28101879', '9968564181'),
(847, '28101931', '9971879983'),
(848, '28102049', '8595466260'),
(849, '28102060', '9873888590'),
(850, '28102089', '9818513312'),
(851, '28102173', '9711172967'),
(852, '28102195', '7015425194'),
(853, '28102211', '9899128096'),
(854, '28102214', '8383865306'),
(855, '28102252', '9711923144'),
(856, '28102253', '9873960263'),
(857, '28102272', '7042047470'),
(858, '28102303', '9250641101'),
(859, '28102336', '9711681202'),
(860, '28102389', '8447925080'),
(861, '28102398', '9718241113'),
(862, '28102418', '9968845339'),
(863, '28102425', '9873994951'),
(864, '28102427', '9540605550'),
(865, '28102449', '8010520677'),
(866, '28102452', '9278372588'),
(867, '28102467', '9868082833'),
(868, '28102469', '9811647709'),
(869, '28102470', '9953912417'),
(870, '28102475', '9911469501'),
(871, '28102518', '9540345718'),
(872, '28102545', '9953018694'),
(873, '28102600', '9891817287'),
(874, '28102692', '8802280649'),
(875, '28102726', '9312770143'),
(876, '28102768', '7015856797'),
(877, '28102899', '9810632430'),
(878, '28102906', '8209437780'),
(879, '28102932', '9540469985'),
(880, '28102987', '9015072077'),
(881, '28103034', '9811482066'),
(882, '28103051', '9718970887'),
(883, '28103074', '7838759951'),
(884, '28103177', '9540739914'),
(885, '28103179', '9958521047'),
(886, '28103238', '9810761076'),
(887, '28103292', '8700928389'),
(888, '28103333', '8750878282'),
(889, '28103370', '9891821705'),
(890, '28103486', '9711810686'),
(891, '28103488', '9136184840'),
(892, '28103552', '9818079065'),
(893, '28103558', '9136351065'),
(894, '28103582', '7011873308'),
(895, '28103595', '8755106771'),
(896, '28103610', '8700891007'),
(897, '28103618', '8750218181'),
(898, '28103774', '9643554610'),
(899, '28103800', '9899959028'),
(900, '28103849', '8459038037'),
(901, '28103864', '9891835945'),
(902, '28103867', '9718295757'),
(903, '28103873', '8130530965'),
(904, '28103879', '9910976271'),
(905, '28103895', '9460585587'),
(906, '28103897', '9013555967'),
(907, '28103953', '8750922500'),
(908, '28103983', '9555850704'),
(909, '28104001', '9555136141'),
(910, '28104039', '8700033903'),
(911, '28104083', '9560559705'),
(912, '28104143', '9013074284'),
(913, '28104180', '7906957262'),
(914, '28104236', '8005542853'),
(915, '28104308', '9718977069'),
(916, '28104355', '8802686492'),
(917, '28104364', '9868365665'),
(918, '28104453', '7503341981'),
(919, '28104462', '9899144052'),
(920, '28104464', '9718082178'),
(921, '28104499', '8010367434'),
(922, '28104539', '8750260031'),
(923, '28104637', '9310247405'),
(924, '28104648', '9013858966'),
(925, '28104673', '9718142018'),
(926, '28104702', '9560933939'),
(927, '28104709', '8010522512'),
(928, '28104724', '9599620957'),
(929, '28104746', '9871425396'),
(930, '28104755', '9718992693'),
(931, '28104756', '8750273311'),
(932, '28104760', '8285378378'),
(933, '28104762', '9990144456'),
(934, '28104771', '8750153322'),
(935, '28104773', '9716271009'),
(936, '28104783', '9540230610'),
(937, '28104813', '9873724351'),
(938, '28104820', '9013623502'),
(939, '28104824', '8010719485'),
(940, '28104826', '9910538940'),
(941, '28104828', '9810949158'),
(942, '28104836', '8882811362'),
(943, '28104837', '9953754311'),
(944, '28104840', '8527964246'),
(945, '28104848', '9958283786'),
(946, '28104857', '9211161748'),
(947, '28104869', '9654914884'),
(948, '28104871', '9927433707'),
(949, '28104894', '9990437902'),
(950, '28104898', '9971773873'),
(951, '28104921', '8700637031'),
(952, '28104935', '9810573297'),
(953, '28104954', '9911892830'),
(954, '28104976', '9891796248'),
(955, '28104987', '8860995090'),
(956, '28104993', '7906873035'),
(957, '28105030', '7292079996'),
(958, '28105037', '8005826534'),
(959, '28105070', '9873481853'),
(960, '28105074', '9312356111'),
(961, '28105078', '9718492994'),
(962, '28105080', '9718199510'),
(963, '28105092', '8595477047'),
(964, '28105099', '9289212300'),
(965, '28105110', '9671134505'),
(966, '28105122', '9958364292'),
(967, '28105138', '8802517770'),
(968, '28105144', '9810342380'),
(969, '28105167', '7011853537'),
(970, '28105168', '9971222973'),
(971, '28105200', '8700983266'),
(972, '28105252', '7834993490'),
(973, '28105257', '9958767488'),
(974, '28105291', '9718762616'),
(975, '28105330', '8010596696'),
(976, '28105332', '9350050091'),
(977, '28105341', '8745900651'),
(978, '28105423', '7838887315'),
(979, '28105477', '8010418781'),
(980, '28105502', '9958960633'),
(981, '28105512', '8010739414'),
(982, '28105524', '7827650066'),
(983, '28105527', '9582577343'),
(984, '28105563', '9812024656'),
(985, '28105571', '8447032349'),
(986, '28105581', '9718616409'),
(987, '28105655', '9013428456'),
(988, '28105662', '8010704834'),
(989, '28105746', '7042009080'),
(990, '28105843', '9871530019'),
(991, '28105884', '8130483124'),
(992, '28105955', '9654602954'),
(993, '28106038', '9810787822'),
(994, '28106186', '9711712404'),
(995, '28106246', '9013553924'),
(996, '28106340', '9910116261'),
(997, '28106376', '9821023250'),
(998, '28106425', '9660274626'),
(999, '28106426', '9999691585'),
(1000, '28106428', '9211995777'),
(1001, '28106482', '8368482130'),
(1002, '28106485', '9560908955'),
(1003, '28106507', '9717430287'),
(1004, '28106554', '9899261014'),
(1005, '28106595', '8448730260'),
(1006, '28106611', '7982377412'),
(1007, '28106632', '9015742494'),
(1008, '28106661', '9650063157'),
(1009, '28106671', '9971295094'),
(1010, '28106704', '9717260461'),
(1011, '28106739', '8287702866'),
(1012, '28106789', '8076053903'),
(1013, '28106796', '9718652231'),
(1014, '28106839', '7065267799'),
(1015, '28106863', '9958704789'),
(1016, '28106864', '8587873107'),
(1017, '28106869', '9773787442'),
(1018, '28106938', '9716500525'),
(1019, '28106941', '8130406674'),
(1020, '28106949', '9013562080'),
(1021, '28106976', '8447943607'),
(1022, '28106996', '9210041186'),
(1023, '28106997', '9013647084'),
(1024, '28107023', '9810470534'),
(1025, '28107051', '9891070515'),
(1026, '28107060', '8005643084'),
(1027, '28107075', '8368271592'),
(1028, '28107078', '8010582757'),
(1029, '28107102', '8114488728'),
(1030, '28107104', '8448020373'),
(1031, '28107109', '9650921174'),
(1032, '28107137', '7011161021'),
(1033, '28107190', '9968731613'),
(1034, '28107198', '9582527294'),
(1035, '28107201', '9891486797'),
(1036, '28107213', '9711424952'),
(1037, '28107242', '7011415141'),
(1038, '28107247', '9910593858'),
(1039, '28107263', '9891245665'),
(1040, '28107276', '7982893076'),
(1041, '28107291', '9868441912'),
(1042, '28107308', '9582584256'),
(1043, '28107342', '9650959453'),
(1044, '28107365', '7053840686'),
(1045, '28107387', '8383011936'),
(1046, '28107403', '9013967577'),
(1047, '28107404', '8800975988'),
(1048, '28107413', '7838050367'),
(1049, '28107414', '9990521415'),
(1050, '28107464', '9650779384'),
(1051, '28107487', '7827250906'),
(1052, '28107525', '9958392625'),
(1053, '28107557', '9266596639'),
(1054, '28107571', '9310123096'),
(1055, '28107590', '8800505020'),
(1056, '28107622', '9555335087'),
(1057, '28107647', '9891100168'),
(1058, '28107686', '9654062622'),
(1059, '28107715', '8459914970'),
(1060, '28107716', '9136534910'),
(1061, '28107718', '9873916005'),
(1062, '28107720', '8882311300'),
(1063, '28107745', '8178490927'),
(1064, '28107755', '9643196072'),
(1065, '28107756', '8800637076'),
(1066, '28107763', '8750004818'),
(1067, '28107767', '9990169750'),
(1068, '28107792', '9958146719'),
(1069, '28107795', '9891486441'),
(1070, '28107811', '8512086301'),
(1071, '28107830', '9711875264'),
(1072, '28107872', '8802902814'),
(1073, '28107881', '9992236824'),
(1074, '28107900', '7827408081'),
(1075, '28107926', '8368763827'),
(1076, '28107943', '7827778005'),
(1077, '28107979', '9414150531'),
(1078, '28107994', '9868084342'),
(1079, '28108046', '8527130323'),
(1080, '28108053', '9718865616'),
(1081, '28108062', '9971227374'),
(1082, '28108105', '9310125405'),
(1083, '28108113', '9654886559'),
(1084, '28108126', '8700543190'),
(1085, '28108129', '8800708642'),
(1086, '28108150', '9266219774'),
(1087, '28108157', '9716117111'),
(1088, '28108169', '9717849067'),
(1089, '28108191', '7838543942'),
(1090, '28108208', '9990648879'),
(1091, '28108211', '8285828526'),
(1092, '28108218', '9999889996'),
(1093, '28108232', '9990936161'),
(1094, '28108350', '9811275183'),
(1095, '28108429', '7210268708'),
(1096, '28108455', '9971153280'),
(1097, '28108456', '7982797618'),
(1098, '28108486', '7834993787'),
(1099, '28108504', '9643677297'),
(1100, '28108505', '8209799592'),
(1101, '28108522', '9311547902'),
(1102, '28108529', '7053446812'),
(1103, '28108570', '9871006310'),
(1104, '28108579', '7042359922'),
(1105, '28108604', '7217806889'),
(1106, '28108623', '9650188545'),
(1107, '28108633', '9711839110'),
(1108, '28108671', '8750354567'),
(1109, '28108717', '7827777286'),
(1110, '28108734', '8800336459'),
(1111, '28108768', '9050430907'),
(1112, '28108795', '9013075756'),
(1113, '28108805', '7289040274'),
(1114, '28108826', '9136380229'),
(1115, '28108830', '9210911864'),
(1116, '28108840', '7827512278'),
(1117, '28108846', '9013568046'),
(1118, '28108847', '8010982434'),
(1119, '28108881', '7982914039'),
(1120, '28108945', '9910902399'),
(1121, '28108961', '9650809460'),
(1122, '28109010', '9540178129'),
(1123, '28109026', '9971600987'),
(1124, '28109046', '9625477371'),
(1125, '28109137', '9650575980'),
(1126, '28109138', '7827324930'),
(1127, '28109166', '9873557065'),
(1128, '28109187', '8527779608'),
(1129, '28109244', '9266209026'),
(1130, '28109245', '9717295973'),
(1131, '28109281', '9711598085'),
(1132, '28109307', '9873451423'),
(1133, '28109309', '8860180711'),
(1134, '28109312', '9643634858'),
(1135, '28109366', '9315330048'),
(1136, '28109372', '9266097263'),
(1137, '28109376', '9205813885'),
(1138, '28109401', '8860114082'),
(1139, '28109456', '9599922991'),
(1140, '28109460', '9560584757'),
(1141, '28109520', '8375826147'),
(1142, '28109651', '8750466464'),
(1143, '28109716', '8800847564'),
(1144, '28109727', '7042949481'),
(1145, '28109734', '8750581234'),
(1146, '28109772', '7053303695'),
(1147, '28109782', '8130131256'),
(1148, '28109828', '9911702342'),
(1149, '28109853', '9718650760'),
(1150, '28109870', '7872422609'),
(1151, '28109875', '9891961920'),
(1152, '28109878', '8178534533'),
(1153, '28109902', '8860961916'),
(1154, '28110016', '9718885645'),
(1155, '28110017', '8459482062'),
(1156, '28110028', '8585969636'),
(1157, '28110050', '9015929249'),
(1158, '28110061', '7011218003'),
(1159, '28110073', '9718885459'),
(1160, '28110074', '7728032755'),
(1161, '28110076', '8750964036'),
(1162, '28110087', '9711769464'),
(1163, '28110102', '9136220470'),
(1164, '28110115', '8750857588'),
(1165, '28110126', '8750510526'),
(1166, '28110129', '9718886821'),
(1167, '28110134', '9654342945'),
(1168, '28110137', '9910899082'),
(1169, '28110152', '9891808352'),
(1170, '28110154', '7289029404'),
(1171, '28110160', '8459768989'),
(1172, '28110166', '8168687759'),
(1173, '28110182', '9136840019'),
(1174, '28110187', '8750276250'),
(1175, '28110192', '9953499770'),
(1176, '28110193', '9899001789'),
(1177, '28110200', '8750946986'),
(1178, '28110203', '7017768013'),
(1179, '28110205', '9650953601'),
(1180, '28110207', '7982155063'),
(1181, '28110219', '8750075620'),
(1182, '28110220', '8376092103'),
(1183, '28110230', '8459761977'),
(1184, '28110231', '9818768814'),
(1185, '28110233', '8587865136'),
(1186, '28110234', '8459043776'),
(1187, '28110251', '8010040004'),
(1188, '28110261', '9818240531'),
(1189, '28110264', '7503484820'),
(1190, '28110284', '9999973388'),
(1191, '28110285', '8383922044'),
(1192, '28110309', '9899660035'),
(1193, '28110311', '9891517797'),
(1194, '28110315', '8447847429'),
(1195, '28110322', '7834989696'),
(1196, '28110325', '9997775377'),
(1197, '28120128', '8743946330'),
(1198, '28120134', '9818843316'),
(1199, '28120135', '9079664480'),
(1200, '28120146', '9660793745'),
(1201, '28120147', '9013732551'),
(1202, '28120162', '8585997586'),
(1203, '28120228', '8459472233'),
(1204, '28120249', '8512850987'),
(1205, '28120284', '9813587337'),
(1206, '28120287', '9818840285'),
(1207, '28120288', '9992362336'),
(1208, '28120329', '8053586794'),
(1209, '28120368', '7665333636'),
(1210, '28120376', '9250644399'),
(1211, '28120378', '8860555525'),
(1212, '28120380', '7014649716'),
(1213, '28120409', '7206888107'),
(1214, '28120415', '9910098028'),
(1215, '28120427', '7976009283'),
(1216, '28120433', '9136347345'),
(1217, '28120434', '9811328298'),
(1218, '28120473', '9728829887'),
(1219, '28120517', '9818298842'),
(1220, '28120518', '9810976778'),
(1221, '28120571', '8750870080'),
(1222, '28120596', '9958959030'),
(1223, '28120689', '8949528437'),
(1224, '28120694', '9136156077'),
(1225, '28120736', '7988269736'),
(1226, '28120745', '9873481372'),
(1227, '28120757', '9136573056'),
(1228, '28120762', '8459753406'),
(1229, '28120781', '7982094587'),
(1230, '28120799', '9992499100'),
(1231, '28120839', '9136437332'),
(1232, '28120841', '9136765304'),
(1233, '28120845', '9799182181'),
(1234, '28120853', '7827516941'),
(1235, '28120855', '9136349717'),
(1236, '28120857', '9414269309'),
(1237, '28120911', '9599342079'),
(1238, '28120915', '9891156741'),
(1239, '28120918', '9136444070'),
(1240, '28120928', '9899756782'),
(1241, '28120981', '8851187644'),
(1242, '28121021', '9799320035'),
(1243, '28121025', '8750522045'),
(1244, '28121068', '9050314566'),
(1245, '28121072', '9057590242'),
(1246, '28121073', '7982038704'),
(1247, '28121081', '7011786229'),
(1248, '28121086', '7296802474'),
(1249, '28121141', '9896493568'),
(1250, '28121152', '9671009843'),
(1251, '28121156', '8744858003'),
(1252, '28121171', '9540484095'),
(1253, '28121197', '8750790520'),
(1254, '28121240', '7982562785'),
(1255, '28121246', '9136881860'),
(1256, '28121304', '9716332188'),
(1257, '28121382', '9911490426'),
(1258, '28121392', '9136688020'),
(1259, '28121406', '9837345038'),
(1260, '28121426', '8585929215'),
(1261, '28121470', '9462925177'),
(1262, '28121545', '9136353693'),
(1263, '28121550', '9625074536'),
(1264, '28121552', '7836819344'),
(1265, '28121554', '9717592103'),
(1266, '28121558', '8826432590'),
(1267, '28121564', '8077669474'),
(1268, '28121567', '8076404287'),
(1269, '28121570', '9910584074'),
(1270, '28121582', '9899208552'),
(1271, '28121584', '9729668549'),
(1272, '28121599', '9871565860'),
(1273, '28121606', '9540613822'),
(1274, '28121619', '6375359152'),
(1275, '28121620', '7015703013'),
(1276, '28121626', '7838650539'),
(1277, '28121632', '8279640915'),
(1278, '28121654', '7042733858'),
(1279, '28121660', '9910171979'),
(1280, '28121667', '8890825692'),
(1281, '28121681', '9319572506'),
(1282, '28121714', '9136353063'),
(1283, '28121731', '8930553347'),
(1284, '28121736', '7015470699'),
(1285, '28121739', '8816953264'),
(1286, '28121746', '8955524842'),
(1287, '28121750', '9136230464'),
(1288, '28121753', '8587850030'),
(1289, '28121754', '9136180036'),
(1290, '28121764', '8920361211'),
(1291, '28121788', '9717538404'),
(1292, '28121806', '9971416462'),
(1293, '28121842', '9968227873'),
(1294, '28121845', '8750109915'),
(1295, '28121889', '8510902059'),
(1296, '28121941', '9654061876'),
(1297, '28121967', '8377942496'),
(1298, '28121977', '9899229261'),
(1299, '28121981', '8168659511'),
(1300, '28121984', '8076869783'),
(1301, '28121992', '9136253727'),
(1302, '28122003', '8700954254'),
(1303, '28122036', '9460595797'),
(1304, '28122038', '7976589130'),
(1305, '28122040', '9718981800'),
(1306, '28122046', '7688883308'),
(1307, '28122078', '8905469869'),
(1308, '28122131', '9968529180'),
(1309, '28122138', '7065744894'),
(1310, '28122193', '9511500407'),
(1311, '28122202', '7014607405'),
(1312, '28122221', '8459990199'),
(1313, '28122245', '8851816394'),
(1314, '28122254', '9991601095'),
(1315, '28122262', '9671747665'),
(1316, '28122264', '8459499429'),
(1317, '28122293', '9460765502'),
(1318, '28122295', '7976843616'),
(1319, '28122312', '9510260705'),
(1320, '28122324', '9968838435'),
(1321, '28122355', '9050780002'),
(1322, '28122357', '9136355816'),
(1323, '28122363', '8510849387'),
(1324, '28122369', '7827312002'),
(1325, '28122382', '9870868035'),
(1326, '28122384', '9873741617'),
(1327, '28122393', '9717553103'),
(1328, '28122411', '9136595828'),
(1329, '28122423', '9079731542'),
(1330, '28122439', '8377086238'),
(1331, '28122441', '7838607045'),
(1332, '28122444', '9588584743'),
(1333, '28122453', '9990130868'),
(1334, '28122480', '9871705910'),
(1335, '28122484', '8076370060'),
(1336, '28122488', '7906205699'),
(1337, '28122489', '7838669403'),
(1338, '28122492', '9871794110'),
(1339, '28122513', '9667256672'),
(1340, '28122524', '8587999887'),
(1341, '28122532', '9784101510'),
(1342, '28122542', '8459834333'),
(1343, '28122543', '9811440302'),
(1344, '28122561', '7838575933'),
(1345, '28122575', '7503036764'),
(1346, '28122585', '9599169510'),
(1347, '28122608', '9711369148'),
(1348, '28130034', '7015808087'),
(1349, '28130061', '9999312642'),
(1350, '28130076', '9654808933'),
(1351, '28130085', '9953233569'),
(1352, '28130110', '9582876959'),
(1353, '28130128', '7838791870'),
(1354, '28130150', '7840086728'),
(1355, '28130190', '7503534096'),
(1356, '28130234', '7011055079'),
(1357, '28130235', '9718491354'),
(1358, '28140004', '9643060014'),
(1359, '28140010', '8826630322'),
(1360, '28140020', '8700022891'),
(1361, '28140023', '8700062477'),
(1362, '28140029', '7017957629'),
(1363, '28140031', '8750258199'),
(1364, '28140040', '9911030065'),
(1365, '28140045', '9728337777'),
(1366, '28140138', '9540220454'),
(1367, '28140152', '9711665454'),
(1368, '28140183', '9873902510'),
(1369, '28140710', '9971947433'),
(1370, '28140711', '8130568316'),
(1371, '28140712', '9466425581'),
(1372, '28140714', '8059915630'),
(1373, '28140716', '8506970301'),
(1374, '28140720', '9015207215'),
(1375, '28140721', '7876718116'),
(1376, '28140722', '7015384176'),
(1377, '28140723', '9990935316'),
(1378, '28140724', '9650184450'),
(1379, '28140725', '8743929303'),
(1380, '28140735', '9911500806'),
(1381, '28140816', '8459130830'),
(1382, '28140817', '8745870506'),
(1383, '28140821', '9319265112'),
(1384, '28140855', '8588903832'),
(1385, '28140856', '9717332797'),
(1386, '28140857', '9268033164'),
(1387, '28140858', '9717612482'),
(1388, '28140859', '8700704886'),
(1389, '28140860', '7503748426'),
(1390, '28140861', '8851845302'),
(1391, '28140862', '9992628751'),
(1392, '28140908', '9958301624'),
(1393, '28140932', '9958874864'),
(1394, '28140941', '8076098382'),
(1395, '28140943', '9818353777'),
(1396, '28140947', '7678658780'),
(1397, '28140955', '8860746287'),
(1398, '28140986', '8586075683'),
(1399, '28141000', '8586055418'),
(1400, '28141030', '8860746223'),
(1401, '28141034', '7838950267'),
(1402, '28141046', '9990496385'),
(1403, '28141059', '7428663940'),
(1404, '28141068', '7530989025'),
(1405, '28141119', '8505966304'),
(1406, '28141130', '9315097011'),
(1407, '28141180', '9953371604'),
(1408, '28141188', '9999162799'),
(1409, '28141194', '9667037356'),
(1410, '28141198', '8209797948'),
(1411, '28141210', '7982621783'),
(1412, '28141242', '8800425112'),
(1413, '28141245', '9650609670'),
(1414, '28141252', '7838952351'),
(1415, '28141254', '9582274649'),
(1416, '28141272', '7983663245'),
(1417, '28141282', '7838928468'),
(1418, '28141290', '9991802289'),
(1419, '28141293', '7015242784'),
(1420, '28141302', '9711643271'),
(1421, '28141304', '9711056973'),
(1422, '28141315', '9540105833'),
(1423, '28141316', '8368327555'),
(1424, '28141320', '8459068230'),
(1425, '28141331', '9711643249'),
(1426, '28141339', '7838912960'),
(1427, '28141340', '8510889051'),
(1428, '28141345', '8287310372'),
(1429, '28141347', '7210842058'),
(1430, '28141350', '9555066582'),
(1431, '28141364', '8800352295'),
(1432, '28141373', '7982242513'),
(1433, '28141375', '9711643774'),
(1434, '28141378', '8447105210'),
(1435, '28141383', '8920673716'),
(1436, '28141389', '9891154125'),
(1437, '28141404', '9999879411'),
(1438, '28141440', '7683087183'),
(1439, '28141442', '7838840725'),
(1440, '28141455', '8130272221'),
(1441, '28141459', '8860271264'),
(1442, '28141463', '8860896371'),
(1443, '28141468', '7982466898'),
(1444, '28141483', '8197980978'),
(1445, '28141488', '9990902667'),
(1446, '28141493', '9485882602'),
(1447, '28141494', '7838927098'),
(1448, '28141509', '9540783410'),
(1449, '28141522', '7703867695'),
(1450, '28141533', '9711643807'),
(1451, '28141538', '9911982645'),
(1452, '28141544', '8800642617'),
(1453, '28141546', '9318300798'),
(1454, '28141547', '7065718325'),
(1455, '28141553', '9654952169'),
(1456, '28141566', '8178762818'),
(1457, '28141571', '9911642030'),
(1458, '28141579', '8860160211'),
(1459, '28141587', '8901430750'),
(1460, '28141597', '9711464416'),
(1461, '28141606', '8700546867'),
(1462, '28141607', '8742901762'),
(1463, '28141623', '9911141817'),
(1464, '28141627', '9711856679'),
(1465, '28141630', '7838933890'),
(1466, '28141665', '7982133402'),
(1467, '28141666', '7042467649'),
(1468, '28141667', '8700589446'),
(1469, '28141679', '7838949195'),
(1470, '28141684', '8800757135'),
(1471, '28141686', '9990999459'),
(1472, '28141701', '8168275559'),
(1473, '28141703', '8810538613'),
(1474, '28141709', '8586075484'),
(1475, '28141725', '9911624290'),
(1476, '28141726', '7838846393'),
(1477, '28141729', '8076376260'),
(1478, '28141734', '8750131851'),
(1479, '28141748', '8586061649'),
(1480, '28141749', '9953623019'),
(1481, '28141750', '8586080494'),
(1482, '28141752', '9761484275'),
(1483, '28141756', '9643475373'),
(1484, '28141780', '7838955279'),
(1485, '28141792', '9868375585'),
(1486, '28141812', '8447071718'),
(1487, '28141841', '8920435800'),
(1488, '28141908', '9971393514'),
(1489, '28141920', '9999191020'),
(1490, '28141945', '8930730217'),
(1491, '28141947', '7838856274'),
(1492, '28141955', '8750698245'),
(1493, '28141983', '9718472536'),
(1494, '28141986', '8585957851'),
(1495, '28142043', '7011901966'),
(1496, '28142059', '9069477830'),
(1497, '28142070', '8130320561'),
(1498, '28142079', '9871147991'),
(1499, '28142081', '8130080851'),
(1500, '28142094', '9910237612'),
(1501, '28142121', '9540301336'),
(1502, '28142126', '9711643265'),
(1503, '28142143', '7042368772'),
(1504, '28142152', '7838955658'),
(1505, '28142154', '9811467678'),
(1506, '28142155', '9711643281'),
(1507, '28142156', '9910470817'),
(1508, '28150043', '9873113248'),
(1509, '28150047', '8285610991'),
(1510, '28150049', '9310327881'),
(1511, '28150077', '9024884363'),
(1512, '28150080', '8447696656'),
(1513, '28150085', '9996348653'),
(1514, '28150111', '9939418563'),
(1515, '28150121', '7838197884'),
(1516, '28150166', '8700611098'),
(1517, '28150174', '8708734010'),
(1518, '28150178', '8368624638'),
(1519, '28150182', '9599648670'),
(1520, '28150298', '8209681581'),
(1521, '28150318', '8178738524'),
(1522, '28150398', '9717819848'),
(1523, '28150486', '8814834633'),
(1524, '28150488', '9999519092'),
(1525, '28160045', '9013265269'),
(1526, '28160082', '9690307858'),
(1527, '28160219', '8851751409'),
(1528, '28160340', '9015203275'),
(1529, '28160445', '9555911029'),
(1530, '28160902', '9643734689'),
(1531, '28170045', '9911802144'),
(1532, '28170048', '9312285387'),
(1533, '28170130', '7891759939'),
(1534, '28170137', '7017644023'),
(1535, '28170180', '9891982391'),
(1536, '28170208', '8572005690'),
(1537, '28170210', '9170844323'),
(1538, '28170213', '7082399938'),
(1539, '28170224', '8930202467'),
(1540, '28170227', '9138515138'),
(1541, '28170237', '9675450287'),
(1542, '28170239', '7015789182'),
(1543, '28170241', '9899237782'),
(1544, '28170245', '8930887258'),
(1545, '28170260', '9718585654'),
(1546, '28170264', '8800390176'),
(1547, '28170266', '8059110108'),
(1548, '28170270', '7009564990'),
(1549, '28170272', '9896903343'),
(1550, '28170282', '9958322746'),
(1551, '28170286', '8285084844'),
(1552, '28170287', '9627967215'),
(1553, '28170289', '8468030225'),
(1554, '28170293', '9671154245'),
(1555, '28170297', '8826120296'),
(1556, '28180040', '9315927962'),
(1557, '28180146', '9588195395'),
(1558, '28180158', '9560046400'),
(1559, '28180200', '9813838367'),
(1560, '28180206', '7428783837'),
(1561, '28180210', '9306868320'),
(1562, '28180221', '9315732763'),
(1563, '28180225', '9518034765'),
(1564, '28180231', '9992539028'),
(1565, '28180241', '6375153029'),
(1566, '28180249', '9990304131'),
(1567, '28180259', '8824492035'),
(1568, '28180333', '8395913895'),
(1569, '28180335', '8742967033'),
(1570, '28180346', '9799717644'),
(1571, '28180349', '8810416900'),
(1572, '28180415', '8595301616'),
(1573, '28180438', '9549297957'),
(1574, '28180439', '9810692715'),
(1575, '28180444', '8395908124'),
(1576, '28180460', '9896100338'),
(1577, '28180461', '9306036319'),
(1578, '28180479', '9571504127'),
(1579, '28180483', '9971031480'),
(1580, '28180490', '9306327842'),
(1581, '28180509', '9887114251'),
(1582, '28180522', '9306012240'),
(1583, '28180532', '8813954659'),
(1584, '28180550', '9990523969'),
(1585, '28180553', '9650133585'),
(1586, '28180574', '9813791391'),
(1587, '28180595', '9461081952'),
(1588, '28180601', '7082171535'),
(1589, '28180612', '9639320754'),
(1590, '28180641', '9773576500'),
(1591, '28180716', '9587373950'),
(1592, '28180717', '8930644638'),
(1593, '28180824', '7734914547'),
(1594, '28180922', '8890007008');
INSERT INTO `mobile_validation` (`mv_id`, `pisno`, `mobile`) VALUES
(1595, '28180973', '6376876370'),
(1596, '28181115', '8058613462'),
(1597, '28181198', '8077627712'),
(1598, '28181231', '8859296393'),
(1599, '28181247', '9728143494'),
(1600, '28181252', '8684085381'),
(1601, '28181255', '7357483589'),
(1602, '28181297', '9896110135'),
(1603, '28181849', '9557576195'),
(1604, '28181889', '8979733476'),
(1605, '28181928', '9636034231'),
(1606, '28181993', '8512816560'),
(1607, '28182326', '8285556649'),
(1608, '28182702', '7742729595'),
(1609, '28182732', '9587252455'),
(1610, '28182897', '9818147551'),
(1611, '28183042', '9680659275'),
(1612, '28183315', '9910747793'),
(1613, '28183369', '9773957384'),
(1614, '28183584', '9255663800'),
(1615, '28183648', '9860198247'),
(1616, '28184788', '8285238218'),
(1617, '28184789', '7053643140'),
(1618, '28184804', '7834876305'),
(1619, '28184835', '9540363718'),
(1620, '28184897', '7701913696'),
(1621, '28185145', '9205497278'),
(1622, '28185207', '9053613276'),
(1623, '28185221', '9694470438'),
(1624, '28800421', '9711736882'),
(1625, '28800563', '9910683740'),
(1626, '28800564', '8860731325'),
(1627, '28810118', '9811126907'),
(1628, '28810415', '8750630403'),
(1629, '28820044', '9810523017'),
(1630, '28820076', '7678208070'),
(1631, '28820186', '9968415942'),
(1632, '28820280', '8130818415'),
(1633, '28820324', '9870154170'),
(1634, '28820431', '9810345403'),
(1635, '28820442', '9868913058'),
(1636, '28820456', '9911280228'),
(1637, '28820502', '9899981716'),
(1638, '28820517', '9868073334'),
(1639, '28820734', '9560957225'),
(1640, '28820762', '9205751792'),
(1641, '28820797', '9810454258'),
(1642, '28820804', '9868478519'),
(1643, '28820860', '9971513255'),
(1644, '28821027', '9891171656'),
(1645, '28821033', '9716477109'),
(1646, '28821054', '9968435078'),
(1647, '28821095', '9711544271'),
(1648, '28821131', '9910702352'),
(1649, '28821136', '9868739650'),
(1650, '28821185', '9818123883'),
(1651, '28821208', '9818012177'),
(1652, '28821211', '9205317170'),
(1653, '28821382', '9910593050'),
(1654, '28821535', '8826771589'),
(1655, '28821595', '9810477390'),
(1656, '28821630', '9811114252'),
(1657, '28821641', '9818501579'),
(1658, '28821651', '9717167361'),
(1659, '28821654', '9910140647'),
(1660, '28821826', '9810823285'),
(1661, '28821879', '8168966913'),
(1662, '28821962', '9971997961'),
(1663, '28822005', '9810777460'),
(1664, '28822161', '9013343820'),
(1665, '28822165', '9210791112'),
(1666, '28822183', '9968207747'),
(1667, '28822238', '8585959524'),
(1668, '28822347', '9871280503'),
(1669, '28822350', '9013549546'),
(1670, '28822380', '9891438582'),
(1671, '28822394', '9354626991'),
(1672, '28822417', '8373949748'),
(1673, '28822463', '9868585734'),
(1674, '28822479', '9910105242'),
(1675, '28822564', '8510061696'),
(1676, '28822661', '9319587783'),
(1677, '28822686', '9812201720'),
(1678, '28822833', '9968474096'),
(1679, '28822919', '9650908203'),
(1680, '28822940', '9811480874'),
(1681, '28823111', '9990684791'),
(1682, '28823185', '9312371747'),
(1683, '28823280', '9810661506'),
(1684, '28823297', '9540090797'),
(1685, '28823300', '9868925252'),
(1686, '28823393', '8587007920'),
(1687, '28823434', '9910417649'),
(1688, '28823479', '9910772700'),
(1689, '28823498', '8920855287'),
(1690, '28823520', '9899621821'),
(1691, '28823599', '9654636164'),
(1692, '28823701', '9899477281'),
(1693, '28823717', '9811818088'),
(1694, '28823722', '9013001081'),
(1695, '28823756', '9899334976'),
(1696, '28823778', '9999991785'),
(1697, '28823790', '8700986759'),
(1698, '28823811', '9810687851'),
(1699, '28823855', '8506873314'),
(1700, '28823888', '9971776186'),
(1701, '28823906', '9810937071'),
(1702, '28824001', '8468093314'),
(1703, '28824090', '9773774918'),
(1704, '28824199', '9911457500'),
(1705, '28824203', '9891019440'),
(1706, '28824246', '9971944484'),
(1707, '28824297', '8510054299'),
(1708, '28824351', '9315501318'),
(1709, '28824356', '9953554260'),
(1710, '28824383', '9013856872'),
(1711, '28824471', '9910937260'),
(1712, '28824501', '9810312736'),
(1713, '28824512', '9810294089'),
(1714, '28824523', '9810688574'),
(1715, '28824630', '8860359851'),
(1716, '28824645', '9213231222'),
(1717, '28824914', '9868670279'),
(1718, '28824969', '9811341526'),
(1719, '28830126', '9953908501'),
(1720, '28830175', '9958401573'),
(1721, '28840194', '9818402045'),
(1722, '28840220', '9313747748'),
(1723, '28840246', '9891644045'),
(1724, '28840278', '9650272025'),
(1725, '28840394', '9990552002'),
(1726, '28840472', '9891867257'),
(1727, '28840660', '8826680347'),
(1728, '28840664', '9582708813'),
(1729, '28840669', '9818294781'),
(1730, '28840691', '9313890814'),
(1731, '28840702', '9873201917'),
(1732, '28840749', '9968234342'),
(1733, '28840789', '9871258024'),
(1734, '28840812', '9891276077'),
(1735, '28840897', '9818137787'),
(1736, '28840911', '9868564887'),
(1737, '28841039', '8750135566'),
(1738, '28841068', '9718555044'),
(1739, '28841143', '9810185688'),
(1740, '28841147', '9868970650'),
(1741, '28841149', '8826617500'),
(1742, '28850028', '9868615390'),
(1743, '28850038', '9999650939'),
(1744, '28850046', '9811512298'),
(1745, '28850079', '9968524434'),
(1746, '28850104', '9013260460'),
(1747, '28850313', '9968643222'),
(1748, '28850319', '9891451167'),
(1749, '28850404', '9891234374'),
(1750, '28850646', '9868035760'),
(1751, '28850685', '9810614913'),
(1752, '28851108', '9990213898'),
(1753, '28851158', '9871728642'),
(1754, '28860403', '9891652313'),
(1755, '28860418', '9313480964'),
(1756, '28860426', '9650925017'),
(1757, '28860524', '8750233902'),
(1758, '28860770', '9868995050'),
(1759, '28860954', '9871447870'),
(1760, '28860989', '9999442124'),
(1761, '28860994', '9313663073'),
(1762, '28861014', '9868471750'),
(1763, '28861023', '9811107252'),
(1764, '28861024', '9871928670'),
(1765, '28861173', '9810783106'),
(1766, '28861201', '9818465305'),
(1767, '28861210', '9871524708'),
(1768, '28861223', '8700131741'),
(1769, '28861255', '8700968801'),
(1770, '28861267', '9350807715'),
(1771, '28861323', '9650070534'),
(1772, '28861370', '9278309400'),
(1773, '28861441', '9811019606'),
(1774, '28861491', '9868032587'),
(1775, '28861600', '9891617118'),
(1776, '28861697', '9968252112'),
(1777, '28861708', '9810114185'),
(1778, '28861745', '9013260057'),
(1779, '28861749', '9868948320'),
(1780, '28861763', '8826599766'),
(1781, '28861789', '8750028882'),
(1782, '28861900', '9868720740'),
(1783, '28861927', '9811404807'),
(1784, '28861946', '8860399058'),
(1785, '28861973', '9818289948'),
(1786, '28861985', '9810521441'),
(1787, '28862017', '9873967224'),
(1788, '28862068', '9311196111'),
(1789, '28862076', '8178234880'),
(1790, '28862152', '9911763045'),
(1791, '28862187', '9891115465'),
(1792, '28862217', '9953908300'),
(1793, '28862219', '9213936805'),
(1794, '28862227', '8448775507'),
(1795, '28862288', '9868626565'),
(1796, '28862377', '9560876904'),
(1797, '28862410', '8860269575'),
(1798, '28862465', '9013275039'),
(1799, '28862469', '8076753819'),
(1800, '28862471', '9968542619'),
(1801, '28862473', '8010305119'),
(1802, '28862609', '9313993257'),
(1803, '28862619', '9868593357'),
(1804, '28862627', '9911684951'),
(1805, '28862714', '9968896861'),
(1806, '28862781', '9873317253'),
(1807, '28862887', '8700551679'),
(1808, '28863075', '9811977012'),
(1809, '28863132', '9717188972'),
(1810, '28863165', '8700374007'),
(1811, '28863231', '9562740818'),
(1812, '28863313', '7678278906'),
(1813, '28863376', '9811481297'),
(1814, '28870033', '9540042296'),
(1815, '28870106', '9868371161'),
(1816, '28870170', '9910097520'),
(1817, '28870205', '7042752743'),
(1818, '28870232', '9818461920'),
(1819, '28870328', '9312646118'),
(1820, '28870338', '9810877358'),
(1821, '28870372', '9871693882'),
(1822, '28870449', '9718672261'),
(1823, '28870453', '9899028384'),
(1824, '28870631', '9990421772'),
(1825, '28870677', '9899145567'),
(1826, '28870931', '9953294848'),
(1827, '28870977', '9810033304'),
(1828, '28871010', '9871806100'),
(1829, '28871016', '9868675917'),
(1830, '28871039', '9871363200'),
(1831, '28871095', '9711494106'),
(1832, '28871136', '9212266701'),
(1833, '28871149', '8800361943'),
(1834, '28871172', '9868426005'),
(1835, '28871214', '9810174032'),
(1836, '28871258', '9968132844'),
(1837, '28871285', '9810666978'),
(1838, '28871347', '9540232687'),
(1839, '28871421', '9811479064'),
(1840, '28871469', '9868569720'),
(1841, '28871492', '8595424521'),
(1842, '28871502', '8930686832'),
(1843, '28871520', '8920675050'),
(1844, '28871523', '9868254802'),
(1845, '28871551', '9136440064'),
(1846, '28871610', '9871260172'),
(1847, '28871675', '8368784071'),
(1848, '28871707', '8527152699'),
(1849, '28871722', '9968062432'),
(1850, '28871729', '9868637832'),
(1851, '28871833', '9013251599'),
(1852, '28871883', '9971923786'),
(1853, '28871913', '8447633518'),
(1854, '28872020', '8368164572'),
(1855, '28872202', '9870420610'),
(1856, '28872205', '9911902266'),
(1857, '28880013', '9013847079'),
(1858, '28880094', '9911190043'),
(1859, '28880096', '9899205479'),
(1860, '28880106', '9868379597'),
(1861, '28880121', '8700910419'),
(1862, '28880139', '9868619908'),
(1863, '28880327', '8459338687'),
(1864, '28880330', '9868732753'),
(1865, '28880397', '9958312520'),
(1866, '28880411', '9868908323'),
(1867, '28880442', '9711720015'),
(1868, '28880443', '7597694495'),
(1869, '28880451', '9868667991'),
(1870, '28880518', '9968252098'),
(1871, '28880521', '9818612425'),
(1872, '28880575', '9990216919'),
(1873, '28880659', '9582795037'),
(1874, '28880926', '9891122857'),
(1875, '28880970', '8929206461'),
(1876, '28881018', '9654957750'),
(1877, '28881078', '9899331633'),
(1878, '28881123', '9643132939'),
(1879, '28881203', '9999291065'),
(1880, '28881232', '9818525541'),
(1881, '28881245', '9953265788'),
(1882, '28881247', '9810883281'),
(1883, '28881258', '8510940110'),
(1884, '28881271', '9818769378'),
(1885, '28881274', '9868670352'),
(1886, '28881291', '9868443024'),
(1887, '28881294', '9868325596'),
(1888, '28881327', '8447495048'),
(1889, '28881388', '9719433400'),
(1890, '28881403', '9911501136'),
(1891, '28881431', '9971362928'),
(1892, '28881451', '9811132334'),
(1893, '28881478', '9911125767'),
(1894, '28881538', '9968471927'),
(1895, '28881632', '9891001091'),
(1896, '28881646', '9599659938'),
(1897, '28881703', '9968334935'),
(1898, '28881758', '9968058011'),
(1899, '28881842', '7678530265'),
(1900, '28881866', '9810430446'),
(1901, '28881983', '9899204166'),
(1902, '28882056', '9773733894'),
(1903, '28882095', '9717784272'),
(1904, '28882146', '9953656170'),
(1905, '28882162', '8076864283'),
(1906, '28882170', '9971516779'),
(1907, '28882200', '9911113348'),
(1908, '28882463', '9810720773'),
(1909, '28882494', '9868005048'),
(1910, '28882506', '9999511061'),
(1911, '28882558', '9868941092'),
(1912, '28882613', '7042198473'),
(1913, '28882614', '9999387191'),
(1914, '28882662', '9873802226'),
(1915, '28882665', '9958497887'),
(1916, '28882719', '9971337747'),
(1917, '28882730', '9891803507'),
(1918, '28882756', '9810712040'),
(1919, '28882771', '9873652551'),
(1920, '28882783', '9899322505'),
(1921, '28882789', '9868633137'),
(1922, '28882806', '9873697524'),
(1923, '28882925', '9891661236'),
(1924, '28882972', '9910000165'),
(1925, '28883063', '8810281255'),
(1926, '28883083', '9910737361'),
(1927, '28883135', '9868282592'),
(1928, '28883140', '9891657281'),
(1929, '28883141', '9968383826'),
(1930, '28883179', '9968364782'),
(1931, '28883330', '9968818183'),
(1932, '28883367', '9810341030'),
(1933, '28883428', '9717871407'),
(1934, '28883448', '9212033205'),
(1935, '28883479', '9773709519'),
(1936, '28883546', '9811682678'),
(1937, '28883594', '9968573146'),
(1938, '28883646', '9540520643'),
(1939, '28883675', '9868316042'),
(1940, '28883692', '9871133028'),
(1941, '28883769', '9891008776'),
(1942, '28883794', '8851536062'),
(1943, '28883837', '7011043328'),
(1944, '28884042', '9899281955'),
(1945, '28884058', '9711066258'),
(1946, '28884105', '9818064065'),
(1947, '28884204', '9868708815'),
(1948, '28884218', '9818187430'),
(1949, '28884292', '9868675009'),
(1950, '28884364', '9811577898'),
(1951, '28884413', '7428339250'),
(1952, '28884414', '9968285042'),
(1953, '28890003', '7011003345'),
(1954, '28890018', '8750354422'),
(1955, '28890045', '9968018778'),
(1956, '28890188', '9540000049'),
(1957, '28890216', '9711017920'),
(1958, '28890265', '9911713232'),
(1959, '28890415', '9811076743'),
(1960, '28890418', '9811898425'),
(1961, '28890559', '9910844773'),
(1962, '28890615', '9868772845'),
(1963, '28890622', '9818741227'),
(1964, '28890675', '9873967047'),
(1965, '28890715', '9910268077'),
(1966, '28890721', '9953970258'),
(1967, '28890779', '9968568031'),
(1968, '28890810', '9250211438'),
(1969, '28890816', '9810586620'),
(1970, '28890829', '8920088497'),
(1971, '28890857', '9910772268'),
(1972, '28890917', '9971729498'),
(1973, '28890989', '9818315278'),
(1974, '28891011', '9990055634'),
(1975, '28891056', '9718751545'),
(1976, '28891060', '9911291684'),
(1977, '28891066', '9818928390'),
(1978, '28891077', '9868564288'),
(1979, '28891201', '9718449848'),
(1980, '28891222', '8130053118'),
(1981, '28891244', '9582140105'),
(1982, '28891317', '8800205279'),
(1983, '28891359', '9911878122'),
(1984, '28891362', '9868379181'),
(1985, '28891457', '9810594953'),
(1986, '28891501', '9958161087'),
(1987, '28891571', '9891471677'),
(1988, '28891685', '9211218382'),
(1989, '28891715', '9968166328'),
(1990, '28891721', '7982446652'),
(1991, '28891760', '9971416191'),
(1992, '28891867', '9818311932'),
(1993, '28891897', '9717803525'),
(1994, '28892096', '8178685775'),
(1995, '28892147', '9990866777'),
(1996, '28892173', '9466619923'),
(1997, '28892181', '9625105520'),
(1998, '28892299', '9871027302'),
(1999, '28892388', '9891679713'),
(2000, '28892415', '9868261953'),
(2001, '28892468', '9868599122'),
(2002, '28892474', '8368723073'),
(2003, '28892479', '9868629899'),
(2004, '28892673', '9818072025'),
(2005, '28892683', '9910918130'),
(2006, '28892769', '9711215230'),
(2007, '28892842', '9717195625'),
(2008, '28892908', '9968420930'),
(2009, '28892951', '8595112331'),
(2010, '28893059', '9818789361'),
(2011, '28893071', '8527523555'),
(2012, '28893085', '9899770763'),
(2013, '28893095', '9015636732'),
(2014, '28893108', '9899370804'),
(2015, '28893193', '9999207062'),
(2016, '28893467', '9868979354'),
(2017, '28893506', '9818601881'),
(2018, '28893584', '9211539366'),
(2019, '28900012', '9868603560'),
(2020, '28900030', '9811901133'),
(2021, '28900042', '9811847666'),
(2022, '28900043', '9213030326'),
(2023, '28900070', '8077012181'),
(2024, '28900134', '9871013247'),
(2025, '28900139', '9868424753'),
(2026, '28900165', '9968933110'),
(2027, '28900259', '9868073540'),
(2028, '28900299', '9968172466'),
(2029, '28900311', '9958814474'),
(2030, '28900316', '8800801822'),
(2031, '28900350', '9868571388'),
(2032, '28900358', '9821830214'),
(2033, '28900383', '8860010314'),
(2034, '28900402', '9811388547'),
(2035, '28900437', '9891469787'),
(2036, '28900440', '9999266246'),
(2037, '28900447', '8800316325'),
(2038, '28900448', '9968067448'),
(2039, '28900463', '9868657910'),
(2040, '28900476', '9868629810'),
(2041, '28900480', '9910515270'),
(2042, '28900483', '7042681551'),
(2043, '28900503', '9810803303'),
(2044, '28900522', '8750378787'),
(2045, '28900548', '9868019465'),
(2046, '28900557', '9910129559'),
(2047, '28900559', '9654122687'),
(2048, '28900576', '9958214547'),
(2049, '28900605', '8285475090'),
(2050, '28900636', '9990168074'),
(2051, '28900640', '9911233166'),
(2052, '28900656', '9811190542'),
(2053, '28900665', '9717741377'),
(2054, '28900673', '8826343653'),
(2055, '28900681', '9868551956'),
(2056, '28900689', '9968148385'),
(2057, '28900691', '9968018635'),
(2058, '28900697', '9811566674'),
(2059, '28900706', '9643378776'),
(2060, '28900711', '7428618627'),
(2061, '28900754', '9810127050'),
(2062, '28900896', '9810547368'),
(2063, '28900930', '9810572712'),
(2064, '28900935', '9811187798'),
(2065, '28900972', '9350903986'),
(2066, '28900986', '7011747862'),
(2067, '28900997', '8178510113'),
(2068, '28901001', '7011553173'),
(2069, '28901004', '9891514968'),
(2070, '28901051', '9953211614'),
(2071, '28901069', '9899808770'),
(2072, '28901093', '9911583566'),
(2073, '28901112', '7982513640'),
(2074, '28901166', '7503380251'),
(2075, '28901178', '9868711024'),
(2076, '28901232', '9716154746'),
(2077, '28901242', '9650467078'),
(2078, '28901310', '9718516237'),
(2079, '28901329', '8826483751'),
(2080, '28901331', '8700585876'),
(2081, '28901332', '9868026905'),
(2082, '28901462', '8750871700'),
(2083, '28901490', '8750876665'),
(2084, '28901496', '9818475861'),
(2085, '28901648', '9818920147'),
(2086, '28901700', '9868056426'),
(2087, '28901741', '9310142838'),
(2088, '28901761', '9818538344'),
(2089, '28901767', '9311022362'),
(2090, '28901783', '9818545568'),
(2091, '28901790', '8802634634'),
(2092, '28901809', '7060683370'),
(2093, '28901835', '9868067188'),
(2094, '28901890', '9350012042'),
(2095, '28901963', '9868783419'),
(2096, '28901989', '9971913646'),
(2097, '28902013', '9654694895'),
(2098, '28902039', '9999844799'),
(2099, '28902071', '9999427774'),
(2100, '28902158', '9968991661'),
(2101, '28902199', '9318360855'),
(2102, '28902213', '9818495437'),
(2103, '28902281', '9968326736'),
(2104, '28902288', '9312622325'),
(2105, '28902312', '9868184030'),
(2106, '28902323', '9518175384'),
(2107, '28902361', '9650769491'),
(2108, '28902410', '9818408760'),
(2109, '28902428', '9212130448'),
(2110, '28902448', '9318470160'),
(2111, '28902453', '9811499611'),
(2112, '28902472', '9968900842'),
(2113, '28902544', '9717267349'),
(2114, '28902614', '9811511298'),
(2115, '28902662', '9873428451'),
(2116, '28902713', '9958121585'),
(2117, '28902739', '7011771608'),
(2118, '28902781', '7210787771'),
(2119, '28902795', '9910714398'),
(2120, '28902826', '9868303870'),
(2121, '28902851', '9013660255'),
(2122, '28902878', '9711716665'),
(2123, '28902888', '9213342110'),
(2124, '28902900', '9818396897'),
(2125, '28902954', '9810205749'),
(2126, '28903099', '9873407836'),
(2127, '28903109', '8700292774'),
(2128, '28903116', '7982435846'),
(2129, '28903125', '9582103364'),
(2130, '28910029', '7982509623'),
(2131, '28910064', '9990868267'),
(2132, '28910114', '8851723491'),
(2133, '28910157', '9968852195'),
(2134, '28910167', '8586995652'),
(2135, '28910204', '9868072142'),
(2136, '28910210', '9818249642'),
(2137, '28910227', '7011561145'),
(2138, '28910251', '7835840333'),
(2139, '28910278', '9873344727'),
(2140, '28910302', '9873819085'),
(2141, '28910322', '9650020602'),
(2142, '28910365', '9910995361'),
(2143, '28910459', '9315931409'),
(2144, '28910494', '9792862919'),
(2145, '28910529', '8448724378'),
(2146, '28910572', '9899750721'),
(2147, '28910576', '9013257590'),
(2148, '28910583', '9910541695'),
(2149, '28910586', '9911310742'),
(2150, '28910590', '9810877272'),
(2151, '28910628', '9810404065'),
(2152, '28910646', '9868514393'),
(2153, '28910654', '9968213480'),
(2154, '28910674', '9625523249'),
(2155, '28910721', '9013275050'),
(2156, '28910762', '7838481861'),
(2157, '28910803', '9213891187'),
(2158, '28910823', '9911525454'),
(2159, '28910831', '9810710904'),
(2160, '28910844', '9871609633'),
(2161, '28910857', '9953075075'),
(2162, '28910865', '9871805224'),
(2163, '28910930', '9990221919'),
(2164, '28911002', '9811902210'),
(2165, '28911037', '9910178857'),
(2166, '28911048', '9212932237'),
(2167, '28911060', '7678574449'),
(2168, '28911075', '9350970451'),
(2169, '28911118', '9811552949'),
(2170, '28911130', '9868930575'),
(2171, '28911142', '8448359951'),
(2172, '28911146', '9899850175'),
(2173, '28911155', '9312651263'),
(2174, '28911175', '9999783777'),
(2175, '28911206', '9899972260'),
(2176, '28911218', '9560463118'),
(2177, '28911262', '9868020971'),
(2178, '28911298', '8468912250'),
(2179, '28911317', '9891554431'),
(2180, '28911322', '9818441049'),
(2181, '28911364', '9958997858'),
(2182, '28911443', '9968423035'),
(2183, '28911469', '9971866362'),
(2184, '28911474', '9870441221'),
(2185, '28911491', '7053347265'),
(2186, '28911548', '9868650912'),
(2187, '28911564', '9911135418'),
(2188, '28911583', '9971025140'),
(2189, '28911620', '9810552809'),
(2190, '28911623', '9871544550'),
(2191, '28911633', '9654850172'),
(2192, '28911700', '9910668348'),
(2193, '28911717', '9868091601'),
(2194, '28911760', '9990015255'),
(2195, '28911788', '9599359135'),
(2196, '28911798', '7011936202'),
(2197, '28911827', '9968255758'),
(2198, '28911844', '9868658070'),
(2199, '28911859', '9870159863'),
(2200, '28911867', '9968420496'),
(2201, '28911871', '9891940905'),
(2202, '28911898', '7838283465'),
(2203, '28911949', '9868170739'),
(2204, '28911960', '9716002225'),
(2205, '28911968', '9711973805'),
(2206, '28911996', '8750879903'),
(2207, '28912014', '9953017577'),
(2208, '28912066', '9868423274'),
(2209, '28912097', '9999399327'),
(2210, '28912119', '8920405661'),
(2211, '28912132', '9871355210'),
(2212, '28912145', '9717903480'),
(2213, '28912148', '9315242237'),
(2214, '28912183', '9899252091'),
(2215, '28912199', '9654588564'),
(2216, '28912228', '9654734991'),
(2217, '28920043', '9958683702'),
(2218, '28920103', '9811613606'),
(2219, '28920191', '9654197654'),
(2220, '28927914', '9871757207'),
(2221, '28930016', '9013478382'),
(2222, '28930021', '9896322042'),
(2223, '28930038', '9911364464'),
(2224, '28930135', '9873328006'),
(2225, '28930191', '9899176138'),
(2226, '28930193', '9013349764'),
(2227, '28930218', '9650830555'),
(2228, '28930230', '9810233732'),
(2229, '28930249', '8750228383'),
(2230, '28930295', '9891557220'),
(2231, '28930455', '7838950972'),
(2232, '28930459', '9990651756'),
(2233, '28930480', '9891911268'),
(2234, '28930484', '9968405392'),
(2235, '28930488', '9871777208'),
(2236, '28930505', '9818787263'),
(2237, '28930519', '9716901018'),
(2238, '28930560', '9818231505'),
(2239, '28930627', '9990510456'),
(2240, '28930711', '9899016352'),
(2241, '28930714', '9999966303'),
(2242, '28930724', '9868529380'),
(2243, '28930817', '9810375186'),
(2244, '28930835', '9871104845'),
(2245, '28930871', '9971821545'),
(2246, '28930923', '9911687875'),
(2247, '28930982', '8851719204'),
(2248, '28930990', '9868599321'),
(2249, '28931020', '9868637235'),
(2250, '28931055', '9953023866'),
(2251, '28931094', '9968115633'),
(2252, '28931208', '9891530652'),
(2253, '28931262', '9868386209'),
(2254, '28931265', '9350057096'),
(2255, '28931283', '9968387957'),
(2256, '28931308', '9818580370'),
(2257, '28931319', '9899303678'),
(2258, '28931322', '9911561112'),
(2259, '28931412', '9540199540'),
(2260, '28931462', '9810741824'),
(2261, '28931492', '9958706970'),
(2262, '28931528', '8375879286'),
(2263, '28931544', '9868254352'),
(2264, '28931547', '9971635363'),
(2265, '28931553', '9990890193'),
(2266, '28931587', '9211657173'),
(2267, '28931655', '9810756669'),
(2268, '28931687', '9868308254'),
(2269, '28931717', '9818714150'),
(2270, '28931778', '9899212195'),
(2271, '28931797', '9999194920'),
(2272, '28931822', '8447995399'),
(2273, '28931829', '9868606935'),
(2274, '28931832', '9968084745'),
(2275, '28931833', '9560741519'),
(2276, '28931839', '9818086252'),
(2277, '28931848', '9013447822'),
(2278, '28931849', '8440022664'),
(2279, '28931852', '9873391199'),
(2280, '28931944', '7906370074'),
(2281, '28931966', '9968568366'),
(2282, '28931983', '9718577716'),
(2283, '28931998', '9868665342'),
(2284, '28932014', '9868645340'),
(2285, '28932123', '8860703071'),
(2286, '28932140', '9015282426'),
(2287, '28932158', '9318485993'),
(2288, '28932242', '9818788502'),
(2289, '28932243', '9999803624'),
(2290, '28932253', '9999235867'),
(2291, '28932266', '9211383170'),
(2292, '28932292', '9212772635'),
(2293, '28932317', '9811859774'),
(2294, '28932359', '9958308487'),
(2295, '28932362', '9958064919'),
(2296, '28932364', '9818603783'),
(2297, '28932373', '8700433811'),
(2298, '28932374', '9873836577'),
(2299, '28932381', '7011083605'),
(2300, '28932383', '9210396933'),
(2301, '28932392', '9868612413'),
(2302, '28932395', '9910913207'),
(2303, '28932430', '7292031126'),
(2304, '28932432', '9873048149'),
(2305, '28932573', '9868853391'),
(2306, '28932616', '9718008841'),
(2307, '28932629', '8375936549'),
(2308, '28932654', '9868558100'),
(2309, '28932656', '9911949800'),
(2310, '28932696', '9582313481'),
(2311, '28932708', '9868627507'),
(2312, '28932709', '9891473535'),
(2313, '28932766', '8433143791'),
(2314, '28932776', '9891754626'),
(2315, '28940062', '9899313183'),
(2316, '28940109', '9811775904'),
(2317, '28940221', '9891820559'),
(2318, '28940250', '9999761766'),
(2319, '28940252', '9968255510'),
(2320, '28940267', '9990785905'),
(2321, '28940270', '9871475410'),
(2322, '28940279', '9868793156'),
(2323, '28940288', '9013312893'),
(2324, '28940307', '9868727029'),
(2325, '28940317', '9212792359'),
(2326, '28940349', '9315414202'),
(2327, '28940387', '9318340134'),
(2328, '28940391', '8005605882'),
(2329, '28940392', '9821334286'),
(2330, '28940429', '9400457194'),
(2331, '28940432', '6282122145'),
(2332, '28940435', '9868117124'),
(2333, '28940537', '8920730201'),
(2334, '28940577', '8750898771'),
(2335, '28940608', '8744862191'),
(2336, '28940632', '9910485271'),
(2337, '28940675', '9818118050'),
(2338, '28940736', '9871906165'),
(2339, '28940777', '9868659091'),
(2340, '28940783', '7042714776'),
(2341, '28940822', '8130288402'),
(2342, '28940881', '9971197742'),
(2343, '28940918', '9718542786'),
(2344, '28940947', '9868954075'),
(2345, '28940968', '9818026359'),
(2346, '28940970', '7011663066'),
(2347, '28940987', '9990350671'),
(2348, '28940991', '9868957576'),
(2349, '28940998', '8979615310'),
(2350, '28941020', '9971069232'),
(2351, '28941039', '8826604448'),
(2352, '28941047', '9911006134'),
(2353, '28941051', '9718239111'),
(2354, '28941059', '9560467833'),
(2355, '28941079', '9868488582'),
(2356, '28941088', '9654383490'),
(2357, '28941114', '9868779874'),
(2358, '28941151', '9868579601'),
(2359, '28941219', '7678601462'),
(2360, '28941279', '9811951833'),
(2361, '28941280', '9999244814'),
(2362, '28941367', '8750157777'),
(2363, '28941373', '9811389828'),
(2364, '28941401', '8750202345'),
(2365, '28941527', '9910701644'),
(2366, '28941536', '9968130804'),
(2367, '28941549', '9953314963'),
(2368, '28941588', '9990969652'),
(2369, '28941620', '9968127752'),
(2370, '28941641', '9868889100'),
(2371, '28941654', '9810810060'),
(2372, '28941705', '8750665252'),
(2373, '28941712', '9868381776'),
(2374, '28941774', '9013910019'),
(2375, '28941784', '9818116656'),
(2376, '28941804', '9810543177'),
(2377, '28941814', '9560965670'),
(2378, '28941863', '9968272604'),
(2379, '28941864', '9873143320'),
(2380, '28941871', '9811262070'),
(2381, '28941889', '9811960141'),
(2382, '28941894', '9711750210'),
(2383, '28941901', '9818446283'),
(2384, '28941934', '9212073513'),
(2385, '28941977', '9810907685'),
(2386, '28941994', '9911350196'),
(2387, '28950010', '9968471934'),
(2388, '28950037', '9868403295'),
(2389, '28950174', '8800950261'),
(2390, '28950182', '9899807706'),
(2391, '28950279', '9810486508'),
(2392, '28950282', '9899676259'),
(2393, '28950307', '9818460942'),
(2394, '28950309', '9013209126'),
(2395, '28950324', '7689827550'),
(2396, '28950327', '9818081074'),
(2397, '28950367', '9599772263'),
(2398, '28950429', '9650695485'),
(2399, '28950457', '9999450766'),
(2400, '28950463', '9818422948'),
(2401, '28950478', '9868663009'),
(2402, '28950494', '9818953319'),
(2403, '28950496', '8506027949'),
(2404, '28950497', '9999212108'),
(2405, '28950513', '8826257464'),
(2406, '28950535', '9818422534'),
(2407, '28950557', '9868497480'),
(2408, '28950672', '8076154787'),
(2409, '28950674', '9643967090'),
(2410, '28950684', '9811480441'),
(2411, '28950691', '9868204300'),
(2412, '28950739', '9210929290'),
(2413, '28950793', '9953176600'),
(2414, '28950850', '9811218421'),
(2415, '28950883', '9560727603'),
(2416, '28950902', '9868300051'),
(2417, '28950944', '8076125103'),
(2418, '28950965', '9958776476'),
(2419, '28950974', '7011231970'),
(2420, '28951008', '9999806450'),
(2421, '28951071', '9582024788'),
(2422, '28951090', '9990526668'),
(2423, '28951125', '9818894502'),
(2424, '28960061', '9810320084'),
(2425, '28960105', '9560604261'),
(2426, '28960176', '9868373976'),
(2427, '28960183', '9818225620'),
(2428, '28960215', '9871183244'),
(2429, '28960251', '9911953032'),
(2430, '28960350', '9810258538'),
(2431, '28960537', '9210789832'),
(2432, '28960623', '9319109213'),
(2433, '28960624', '9818707585'),
(2434, '28960632', '9958409831'),
(2435, '28960668', '9622280874'),
(2436, '28960774', '8800849844'),
(2437, '28960810', '8750875423'),
(2438, '28960896', '8750870528'),
(2439, '28960931', '9990992896'),
(2440, '28960941', '9716712077'),
(2441, '28960942', '9990812369'),
(2442, '28960943', '9810929694'),
(2443, '28960954', '9350564684'),
(2444, '28961064', '9313383992'),
(2445, '28961173', '9810553640'),
(2446, '28961183', '9990294929'),
(2447, '28961221', '9811759690'),
(2448, '28961326', '7982008202'),
(2449, '28961361', '9910667158'),
(2450, '28961419', '9868901592'),
(2451, '28961436', '9911559428'),
(2452, '28961500', '9990228650'),
(2453, '28961597', '9211712636'),
(2454, '28970008', '9911110511'),
(2455, '28970083', '9958157907'),
(2456, '28971461', '9540771097'),
(2457, '28971635', '8750090975'),
(2458, '28971641', '8505912801'),
(2459, '28971653', '9868731572'),
(2460, '28971657', '7838486167'),
(2461, '28971665', '9891705732'),
(2462, '28971693', '9717266075'),
(2463, '28980006', '9810762014'),
(2464, '28980029', '9254628565'),
(2465, '28980055', '8383008285'),
(2466, '28980081', '9268249371'),
(2467, '28980089', '9643901279'),
(2468, '28980145', '9654925208'),
(2469, '28980163', '9873447509'),
(2470, '28980234', '9810757560'),
(2471, '28980253', '9868536979'),
(2472, '28980254', '7015587168'),
(2473, '28980308', '9891188425'),
(2474, '28980311', '9811223264'),
(2475, '28980316', '9810634378'),
(2476, '28980377', '7838340571'),
(2477, '28980386', '9810860062'),
(2478, '28980400', '9968115761'),
(2479, '28980417', '9555205898'),
(2480, '28980433', '9971851729'),
(2481, '28980444', '9971923292'),
(2482, '28980462', '9868564086'),
(2483, '28980559', '8750011177'),
(2484, '28980568', '9873358309'),
(2485, '28980655', '9560578309'),
(2486, '28980676', '8630981124'),
(2487, '28980677', '8178139945'),
(2488, '28980682', '9971323651'),
(2489, '28980792', '8890053551'),
(2490, '28980805', '9968207490'),
(2491, '28980819', '9711428262'),
(2492, '28980835', '8800401651'),
(2493, '28980858', '9891690877'),
(2494, '28980876', '9868736283'),
(2495, '28980909', '9868374691'),
(2496, '28980952', '9999910281'),
(2497, '28981010', '9868636227'),
(2498, '28981015', '7678646110'),
(2499, '28981017', '9910410370'),
(2500, '28981061', '9911111771'),
(2501, '28981092', '9013000025'),
(2502, '28981176', '9868950400'),
(2503, '28981187', '9990666270'),
(2504, '28981225', '8368224386'),
(2505, '28981233', '8178554533'),
(2506, '28981246', '9899559173'),
(2507, '28981281', '9868360487'),
(2508, '28981369', '9868727420'),
(2509, '28981483', '9891100080'),
(2510, '28981495', '9990667608'),
(2511, '28981507', '8750870508'),
(2512, '28981522', '9560821860'),
(2513, '28981563', '7827377597'),
(2514, '28981603', '9968624865'),
(2515, '28981610', '9013487033'),
(2516, '28981641', '9899331286'),
(2517, '28981643', '9013829781'),
(2518, '28981651', '9871207771'),
(2519, '28981719', '7011708889'),
(2520, '28981742', '9868613088'),
(2521, '28981760', '8700567617'),
(2522, '28981805', '8076099052'),
(2523, '28981835', '9013327627'),
(2524, '28981880', '9810210925'),
(2525, '28981895', '9818609951'),
(2526, '28981909', '9891305656'),
(2527, '28981929', '8744014657'),
(2528, '28981943', '9968115179'),
(2529, '28981981', '9811993713'),
(2530, '28981997', '9899670270'),
(2531, '28982079', '9013281763'),
(2532, '28982087', '9891233651'),
(2533, '28982103', '9891914786'),
(2534, '28982179', '9818117077'),
(2535, '28982193', '9818129152'),
(2536, '28990081', '9810375467'),
(2537, '28990181', '8750870035'),
(2538, '28990231', '9818203471'),
(2539, '28990233', '9810674929'),
(2540, '28990415', '9968152660'),
(2541, '28990506', '9911988011'),
(2542, '28990546', '9868624773'),
(2543, '28990614', '9268941637'),
(2544, '28990618', '9818918286'),
(2545, '28990625', '9717123217'),
(2546, '28990644', '8802476466'),
(2547, '28990673', '9540370099'),
(2548, '28990689', '9818421613'),
(2549, '28990716', '8287192625'),
(2550, '28990755', '9205153015'),
(2551, '28990765', '9818084278'),
(2552, '28990802', '9891640404'),
(2553, '28990810', '9868789319'),
(2554, '28990868', '9968816710'),
(2555, '28990869', '9654174770'),
(2556, '28990883', '9873238083'),
(2557, '28990884', '9717418683'),
(2558, '28990918', '9911844452'),
(2559, '29000009', '9999933666'),
(2560, '29030007', '9013015294'),
(2561, '29100002', '9868945381'),
(2562, '29100043', '9643541556'),
(2563, '29100091', '8860350021'),
(2564, '29100106', '7530884655'),
(2565, '29100116', '9205707751'),
(2566, '29100188', '7827753781'),
(2567, '29100208', '9873270635'),
(2568, '29100210', '9818068463'),
(2569, '29100214', '8826911181'),
(2570, '29100293', '9718430120'),
(2571, '29100328', '7827550121'),
(2572, '29100382', '9910598143'),
(2573, '29100428', '8700367962'),
(2574, '29100460', '9990502384'),
(2575, '29100523', '7065919118'),
(2576, '29100529', '9971788906'),
(2577, '29100549', '7428510421'),
(2578, '29100580', '8700996997'),
(2579, '29100582', '9266597320'),
(2580, '29100599', '9015412809'),
(2581, '29100658', '7017266800'),
(2582, '29100721', '9953207121'),
(2583, '29100725', '8700010686'),
(2584, '29100736', '8800626281'),
(2585, '29100739', '7827292510'),
(2586, '29100757', '8700316936'),
(2587, '29100831', '9899944231'),
(2588, '29100855', '9818358306'),
(2589, '29100868', '9540007977'),
(2590, '29100887', '9136371901'),
(2591, '29100970', '8510955568'),
(2592, '29101046', '9910988453'),
(2593, '29101076', '8449896038'),
(2594, '29101103', '7838281453'),
(2595, '29101104', '9205028015'),
(2596, '29101265', '8459085670'),
(2597, '29101266', '9873748326'),
(2598, '29101271', '9136200593'),
(2599, '29101342', '7838990989'),
(2600, '29101396', '9671203000'),
(2601, '29101397', '7011192235'),
(2602, '29101410', '9821971673'),
(2603, '29101415', '9599924091'),
(2604, '29101425', '9136860351'),
(2605, '29101428', '8800841741'),
(2606, '29101429', '8010810430'),
(2607, '29101449', '8700280882'),
(2608, '29101454', '9711414158'),
(2609, '29101470', '9540114626'),
(2610, '29101472', '9711737492'),
(2611, '29101485', '8076803177'),
(2612, '29101544', '9582233651'),
(2613, '29101587', '7065693800'),
(2614, '29101596', '9868365868'),
(2615, '29101650', '9990086618'),
(2616, '29101758', '7838807724'),
(2617, '29101790', '9625639355'),
(2618, '29101836', '8010016241'),
(2619, '29101870', '7838050810'),
(2620, '29101879', '9560875774'),
(2621, '29101893', '7883446897'),
(2622, '29101906', '8383042765'),
(2623, '29101925', '9013965335'),
(2624, '29101970', '8447771441'),
(2625, '29101984', '9711459232'),
(2626, '29101998', '7827899742'),
(2627, '29102013', '7011779735'),
(2628, '29102026', '9582881691'),
(2629, '29102039', '9213939384'),
(2630, '29102047', '9891486623'),
(2631, '29102087', '8010429667'),
(2632, '29102091', '9971221550'),
(2633, '29102112', '9013595455'),
(2634, '29102114', '9013555482'),
(2635, '29102160', '9911227632'),
(2636, '29102168', '9664284762'),
(2637, '29102203', '8920110547'),
(2638, '29102245', '9650474387'),
(2639, '29102290', '9818547880'),
(2640, '29102294', '7827203057'),
(2641, '29102324', '8285840632'),
(2642, '29102326', '9013690649'),
(2643, '29102359', '8588956572'),
(2644, '29102363', '8287925939'),
(2645, '29102382', '9873209076'),
(2646, '29102400', '8502887597'),
(2647, '29102422', '9266820470'),
(2648, '29102423', '8700794730'),
(2649, '29102449', '9990140822'),
(2650, '29102451', '8459115259'),
(2651, '29102453', '9211208970'),
(2652, '29102460', '8700005842'),
(2653, '29102518', '9599802371'),
(2654, '29102536', '8700391877'),
(2655, '29102547', '9968479713'),
(2656, '29102556', '9718619822'),
(2657, '29102605', '9013555437'),
(2658, '29102633', '8882104700'),
(2659, '29102650', '9971718906'),
(2660, '29102816', '9999028935'),
(2661, '29102858', '9958135457'),
(2662, '29102868', '9953208253'),
(2663, '29102879', '9540399030'),
(2664, '29102882', '8076209549'),
(2665, '29102883', '8750282121'),
(2666, '29102896', '9990056797'),
(2667, '29102898', '7011224522'),
(2668, '29102907', '9716640631'),
(2669, '29102913', '9718425443'),
(2670, '29102914', '9891660861'),
(2671, '29102928', '9911813165'),
(2672, '29102930', '9540402638'),
(2673, '29102931', '9899237059'),
(2674, '29102935', '9968802697'),
(2675, '29102951', '9899524486'),
(2676, '29102960', '9873805755'),
(2677, '29102964', '9540402529'),
(2678, '29102988', '9654822626'),
(2679, '29103001', '9650986560'),
(2680, '29103007', '7838920877'),
(2681, '29103022', '8130716839'),
(2682, '29103030', '9599376454'),
(2683, '29103043', '9958131369'),
(2684, '29103050', '9910966208'),
(2685, '29850009', '9968012199'),
(2686, '29850072', '9891403567'),
(2687, '29860178', '9310101081'),
(2688, '29860214', '9810874496'),
(2689, '29870076', '9990234071'),
(2690, '29880152', '7531850852'),
(2691, '29880202', '9899454914'),
(2692, '29890019', '9868369795'),
(2693, '29890085', '9868604927'),
(2694, '29900030', '9868044872'),
(2695, '29900036', '9354832134'),
(2696, '29970004', '9650732041'),
(2697, '69920003', '9811772192'),
(2698, '73830002', '9891521411'),
(2699, '86880002', '8302506595'),
(2700, '88000036', '9868964715'),
(2701, '88000038', '9650275132'),
(2702, '88000040', '9013459916'),
(2703, '88030013', '8527320723'),
(2704, '88060053', '9654432703'),
(2705, '88060097', '9958569713'),
(2706, '88060106', '9968155734'),
(2707, '88070002', '9968509792'),
(2708, '88190006', '7426912737'),
(2709, '88190007', '7290934960'),
(2710, '88830036', '8307032077'),
(2711, '88860019', '9213915620'),
(2712, '88880006', '9958368741'),
(2713, '88880007', '8588931151'),
(2714, '88880008', '9868920308'),
(2715, '88880024', '9268246209'),
(2716, '88890007', '9868839234'),
(2717, '88890055', '9911142066'),
(2718, '88910026', '9968581673'),
(2719, '88950012', '9868663319'),
(2720, '88970003', '9990838773'),
(2721, '88990009', '9910587166'),
(2722, '92000002', '9868704748'),
(2723, '92000005', '8700018358'),
(2724, '94010003', '9582203625'),
(2725, '94010089', '9268422171'),
(2726, '94060014', '9999830019'),
(2727, '94060050', '9315275163'),
(2728, '94820042', '9650480699'),
(2729, '94870013', '9871537652'),
(2730, '94870014', '9267910279'),
(2731, '94880005', '9654316954'),
(2732, '94880006', '9250475110'),
(2733, '94880040', '9560838466'),
(2734, '94910001', '9910747413'),
(2735, '94910013', '9818271966'),
(2736, '94930008', '9999483469'),
(2737, '94970006', '7345147882'),
(2738, '94970011', '8930987509'),
(2739, '94970012', '9718708064'),
(2740, '94970013', '9910690729'),
(2741, '94970015', '9871537691'),
(2742, '94990008', '9212862596'),
(2743, '94990009', '9899728044'),
(2744, '95060024', '9810653994'),
(2745, '11111', '9451009260');

-- --------------------------------------------------------

--
-- Table structure for table `orders`
--

CREATE TABLE `orders` (
  `id` int(11) NOT NULL,
  `orderid` int(11) NOT NULL,
  `shop_id` int(11) NOT NULL,
  `user_id` int(11) NOT NULL,
  `invoice_no` varchar(50) DEFAULT NULL,
  `datetime` date NOT NULL,
  `payment_mode` int(11) NOT NULL COMMENT 'it is cod or any thing',
  `status` int(11) NOT NULL COMMENT 'status of the order',
  `total_value` decimal(10,2) NOT NULL COMMENT 'total amount of the order',
  `tax` decimal(10,2) NOT NULL,
  `total_savings` decimal(10,2) NOT NULL COMMENT 'total savings in particular order',
  `remark` varchar(250) DEFAULT NULL,
  `added` timestamp NOT NULL DEFAULT current_timestamp(),
  `payment_transaction_code` varchar(100) DEFAULT NULL COMMENT 'this code will be return by payment gateway',
  `updated` datetime DEFAULT current_timestamp(),
  `address_id` int(11) DEFAULT NULL,
  `random_address` varchar(200) DEFAULT NULL,
  `timeslot_starttime` time DEFAULT NULL,
  `timeslot_endtime` time DEFAULT NULL,
  `time_slot_id` int(11) DEFAULT NULL,
  `razorpay_order_id` varchar(100) DEFAULT NULL,
  `razorpay_payment_id` varchar(100) DEFAULT NULL,
  `razorpay_signature` varchar(100) DEFAULT NULL,
  `booking_name` varchar(45) DEFAULT NULL,
  `booking_contact` varchar(10) DEFAULT NULL,
  `payment_method` varchar(100) DEFAULT NULL,
  `bank_name` varchar(100) DEFAULT NULL
) ENGINE=InnoDB DEFAULT CHARSET=latin1;

--
-- Dumping data for table `orders`
--

INSERT INTO `orders` (`id`, `orderid`, `shop_id`, `user_id`, `invoice_no`, `datetime`, `payment_mode`, `status`, `total_value`, `tax`, `total_savings`, `remark`, `added`, `payment_transaction_code`, `updated`, `address_id`, `random_address`, `timeslot_starttime`, `timeslot_endtime`, `time_slot_id`, `razorpay_order_id`, `razorpay_payment_id`, `razorpay_signature`, `booking_name`, `booking_contact`, `payment_method`, `bank_name`) VALUES
(1, 111, 6, 1, NULL, '2121-09-17', 0, 17, '270.00', '0.00', '30.00', NULL, '2021-09-16 17:57:34', NULL, '2021-09-16 17:57:34', NULL, ' AMAR COLONY Delhi ', '09:00:00', '12:00:00', 5, 'order_HyE8N3aSWpMsSo', 'pay_HyE9PyiWc6wpXx', '000767e4a9eb9ce18e6a4e64b81182c6190ece56215b3bee0fd37c10fc2553b6', NULL, NULL, 'netbanking', 'SBIN'),
(2, 111, 6, 3, NULL, '2121-09-22', 0, 2, '186.00', '9.30', '14.00', NULL, '2021-09-21 20:08:19', NULL, '2021-09-21 20:09:51', NULL, '184/AW/2, W-2, Juhi Kalan, Barra, Kanpur, Uttar Pradesh 208027, India', '09:00:00', '12:00:00', 3, 'order_I0F25hBY9lzndE', 'pay_I0F2T3P2zRyQEx', 'dfac10a8bbab343d6635f0e4188f32ab74dd30918edd763ee9a1b5d34201f1ba', NULL, NULL, 'netbanking', 'HDFC'),
(3, 111, 6, 3, NULL, '2121-09-23', 0, 2, '186.00', '9.30', '14.00', NULL, '2021-09-22 03:03:34', NULL, '2021-09-22 03:06:03', NULL, '184/AW/2, W-2, Juhi Kalan, Barra, Kanpur, Uttar Pradesh 208027, India', '09:00:00', '12:00:00', 4, 'order_I0M6jUE0FzOGrX', 'pay_I0M7S00s3dkfTE', '6e58ea6923be707632419328e2edcceeafa1df02ef292774d759713cef138b86', NULL, NULL, 'netbanking', 'HDFC'),
(4, 111, 6, 3, NULL, '2121-09-27', 0, 17, '270.00', '6.75', '30.00', NULL, '2021-09-25 17:01:51', NULL, '2021-09-25 17:01:51', NULL, '184/AW/2, W-2, Juhi Kalan, Barra, Kanpur, Uttar Pradesh 208027, India', '09:00:00', '12:00:00', 1, 'order_I1lzbib3SrQHhE', 'pay_I1m0Gin61M6HkK', 'cac435a1fde3bfe6755c93c6e3d3d57ee5c006c714df8ddf9e677f75975b174d', NULL, NULL, 'netbanking', 'HDFC'),
(5, 111, 6, 3, NULL, '2121-09-29', 0, 17, '186.00', '9.30', '14.00', NULL, '2021-09-28 14:04:01', NULL, '2021-09-28 14:04:01', NULL, '179  juhi 208014', '09:00:00', '12:00:00', 3, 'order_I2uZ7h1o5ZWPwm', 'pay_I2ua0cQJFV53Ji', '3d1201c5e3f60f68befcd3e773bc92dc2ef3205c104135fb4d2ce7153ef61ea2', NULL, NULL, 'netbanking', 'HDFC'),
(6, 111, 6, 4, NULL, '2121-09-30', 0, 1, '58.00', '0.00', '42.00', NULL, '2021-09-29 02:54:23', NULL, '2021-09-29 02:54:23', NULL, 'Maya Bhawan, Lal Bungalow, Krishna Nagar, Kanpur, Uttar Pradesh 208007, India', '09:00:00', '12:00:00', 4, NULL, NULL, NULL, NULL, NULL, NULL, NULL),
(7, 111, 6, 4, NULL, '2121-09-30', 0, 17, '284.00', '0.00', '66.00', NULL, '2021-09-29 02:58:12', NULL, '2021-09-29 02:58:12', NULL, 'Maya Bhawan, Lal Bungalow, Krishna Nagar, Kanpur, Uttar Pradesh 208007, India', '09:00:00', '12:00:00', 4, 'order_I37kusC4QzlgoF', 'pay_I37luvy0YisDES', '8f120370e6adffd95fcb74d50320983ac318f5465f2bfa7f140006040dacf0d6', NULL, NULL, 'paylater', NULL),
(8, 111, 6, 3, NULL, '2121-09-30', 0, 2, '29.00', '0.00', '21.00', NULL, '2021-09-29 09:18:07', NULL, '2021-09-29 17:44:02', NULL, '111  Juhi 208014', '09:00:00', '12:00:00', 4, 'order_I3EEEHaW5ZAEJG', 'pay_I3EEXWa1wNAcNB', 'a469f58cadc688040b187781b1671ef7f0d09294408a3458fc16dad336ada5cd', NULL, NULL, 'netbanking', 'HDFC'),
(9, 111, 6, 3, NULL, '2121-10-02', 0, 17, '58.00', '0.00', '42.00', NULL, '2021-09-29 09:29:52', NULL, '2021-09-29 09:29:52', NULL, '111  Juhi 208014', '09:00:00', '12:00:00', 6, 'order_I3EQdj4MltgMhZ', 'pay_I3EQwvsJRvpfgU', '12dbeb3bdc2f073dca6567a2cdff84cb1ec3308260086959ef8fb1e466a7c96e', NULL, NULL, 'netbanking', 'HDFC'),
(10, 111, 6, 4, NULL, '2121-09-30', 0, 1, '135.00', '0.00', '15.00', NULL, '2021-09-29 09:39:32', NULL, '2021-09-29 09:39:32', NULL, 'Maya Bhawan, Lal Bungalow, Krishna Nagar, Kanpur, Uttar Pradesh 208007, India', '09:00:00', '12:00:00', 4, NULL, NULL, NULL, NULL, NULL, NULL, NULL),
(11, 111, 6, 4, NULL, '2121-10-01', 0, 17, '255.00', '0.00', '45.00', NULL, '2021-09-30 02:38:01', NULL, '2021-09-30 02:38:01', NULL, '23, Kazi K  Lal Bangla 208007', '09:00:00', '12:00:00', 5, 'order_I3VwiJkXqCg9YD', 'pay_I3Vx34BQsX0TA9', 'af78246a33341298130701e988e5f89ae42ded2d63c70f162447124b9fa2cff8', NULL, NULL, 'paylater', NULL),
(12, 111, 6, 4, NULL, '2121-10-02', 0, 1, '29.00', '0.00', '21.00', NULL, '2021-10-01 09:10:07', NULL, '2021-10-01 09:10:07', NULL, '23, Kazi K  Lal Bangla 208007', '09:00:00', '12:00:00', 6, NULL, NULL, NULL, NULL, NULL, NULL, NULL),
(13, 111, 6, 4, NULL, '2121-10-06', 0, 17, '29.00', '0.00', '21.00', NULL, '2021-10-05 08:52:36', NULL, '2021-10-05 08:52:36', NULL, '23, Kazi K  Lal Bangla 208007', '12:00:00', '15:00:00', 14, 'order_I5b00K7eLGpU2E', 'pay_I5b0RubwGfVTYk', '035854086549be948460c9a35b1f8e993f5a38c221a7f74e4b7109effdacd46b', NULL, NULL, 'paylater', NULL),
(14, 111, 6, 4, NULL, '2121-10-06', 0, 1, '14.00', '0.00', '6.00', NULL, '2021-10-05 15:47:48', NULL, '2021-10-05 15:47:48', NULL, '23, Kazi K  Lal Bangla 208007', '15:00:00', '18:00:00', 15, NULL, NULL, NULL, NULL, NULL, NULL, NULL),
(15, 111, 6, 3, NULL, '2121-10-11', 0, 17, '244.00', '0.00', '56.00', NULL, '2021-10-08 15:38:14', NULL, '2021-10-08 15:38:14', NULL, '111  Juhi 208014', '12:00:00', '15:00:00', 8, 'order_I6tVqopoNJhD3s', 'pay_I6tWFnOtNjzeIX', 'dd77cce46ca5820917d535e68cd43dd3469087a393af226ef1b48fbd2570368c', NULL, NULL, 'upi', NULL),
(16, 111, 6, 4, NULL, '2121-10-10', 0, 17, '140.00', '0.00', '40.00', NULL, '2021-10-09 01:34:49', NULL, '2021-10-09 01:34:49', NULL, '23, Kazi K  Lal Bangla 208007', '12:00:00', '15:00:00', 26, 'order_I73g2Y8wt4hnls', 'pay_I73gJIqNCnprMX', '6b9bf3b47cf85d2a88b06ac1ddf2745f94e01abfab8b2ede50dd03d0598bd9ab', NULL, NULL, 'paylater', NULL);

-- --------------------------------------------------------

--
-- Table structure for table `order_assign_deliver`
--

CREATE TABLE `order_assign_deliver` (
  `id` int(11) NOT NULL,
  `order_id` int(11) DEFAULT NULL,
  `delivery_boy_id` int(11) DEFAULT NULL,
  `added_date` datetime DEFAULT NULL,
  `update_date` datetime DEFAULT current_timestamp(),
  `shop_id` int(11) DEFAULT NULL
) ENGINE=MyISAM DEFAULT CHARSET=latin1;

--
-- Dumping data for table `order_assign_deliver`
--

INSERT INTO `order_assign_deliver` (`id`, `order_id`, `delivery_boy_id`, `added_date`, `update_date`, `shop_id`) VALUES
(1, 111, 4, '2021-09-29 00:00:00', '2021-09-29 00:00:00', 6),
(2, 111, 4, '2021-09-29 00:00:00', '2021-09-29 00:00:00', 6),
(3, 111, 4, '2021-09-29 00:00:00', '2021-09-29 00:00:00', 6),
(5, 8, 4, '2021-09-29 00:00:00', '2021-09-29 00:00:00', 6);

-- --------------------------------------------------------

--
-- Table structure for table `order_items`
--

CREATE TABLE `order_items` (
  `id` int(11) NOT NULL,
  `product_id` int(11) NOT NULL COMMENT 'link from products sub category',
  `order_id` int(11) NOT NULL COMMENT 'link from orders table',
  `qty` int(11) NOT NULL,
  `price_per_unit` decimal(10,2) NOT NULL,
  `purchase_rate` decimal(10,2) NOT NULL DEFAULT 0.00,
  `mrp` decimal(10,2) NOT NULL DEFAULT 0.00,
  `total_price` decimal(10,2) NOT NULL,
  `tax` varchar(10) NOT NULL,
  `tax_value` varchar(10) NOT NULL,
  `offer_applied` varchar(10) DEFAULT NULL COMMENT 'its an percentage or fix amount'
) ENGINE=InnoDB DEFAULT CHARSET=latin1;

--
-- Dumping data for table `order_items`
--

INSERT INTO `order_items` (`id`, `product_id`, `order_id`, `qty`, `price_per_unit`, `purchase_rate`, `mrp`, `total_price`, `tax`, `tax_value`, `offer_applied`) VALUES
(1, 6, 1, 2, '135.00', '120.00', '150.00', '270.00', '0', 'null', NULL),
(2, 7, 2, 1, '186.00', '150.00', '200.00', '186.00', '0', '5', NULL),
(3, 7, 3, 1, '186.00', '150.00', '200.00', '186.00', '0', '5', NULL),
(4, 6, 4, 2, '135.00', '120.00', '150.00', '270.00', '0', '5', NULL),
(5, 7, 5, 1, '186.00', '150.00', '200.00', '186.00', '0', '5', NULL),
(6, 44, 6, 2, '29.00', '20.00', '50.00', '58.00', '0', 'null', NULL),
(7, 44, 7, 1, '29.00', '20.00', '50.00', '29.00', '0', 'null', NULL),
(8, 42, 7, 1, '255.00', '200.00', '300.00', '255.00', '0', 'null', NULL),
(9, 44, 8, 1, '29.00', '20.00', '50.00', '29.00', '0', 'null', NULL),
(10, 44, 9, 2, '29.00', '20.00', '50.00', '58.00', '0', 'null', NULL),
(11, 6, 10, 1, '135.00', '120.00', '150.00', '135.00', '0', 'null', NULL),
(12, 42, 11, 1, '255.00', '200.00', '300.00', '255.00', '0', 'null', NULL),
(13, 44, 12, 1, '29.00', '20.00', '50.00', '29.00', '0', 'null', NULL),
(14, 44, 13, 1, '29.00', '20.00', '50.00', '29.00', '0', 'null', NULL),
(15, 43, 14, 2, '7.00', '5.00', '10.00', '14.00', '0', 'null', NULL),
(16, 7, 15, 1, '186.00', '150.00', '200.00', '186.00', '0', 'null', NULL),
(17, 44, 15, 2, '29.00', '20.00', '50.00', '58.00', '0', 'null', NULL),
(18, 46, 16, 2, '70.00', '66.00', '90.00', '140.00', '0', 'null', NULL);

-- --------------------------------------------------------

--
-- Table structure for table `order_status_master`
--

CREATE TABLE `order_status_master` (
  `id` int(11) NOT NULL,
  `name` varchar(45) DEFAULT NULL,
  `added` datetime DEFAULT current_timestamp(),
  `updated` datetime DEFAULT current_timestamp(),
  `order` int(11) DEFAULT NULL,
  `active` int(11) NOT NULL DEFAULT 1
) ENGINE=MyISAM DEFAULT CHARSET=latin1;

--
-- Dumping data for table `order_status_master`
--

INSERT INTO `order_status_master` (`id`, `name`, `added`, `updated`, `order`, `active`) VALUES
(1, 'Pending Payment', '2020-06-06 09:54:52', '2020-06-06 09:54:52', 1, 1),
(10, 'Failed', '2020-06-06 09:54:52', '2020-07-05 06:58:57', 11, 1),
(17, 'Order Placed', '2020-07-26 19:52:43', '2020-07-26 19:52:43', 2, 1),
(5, 'On Hold', '2020-06-06 09:54:52', '2020-06-06 09:54:52', 6, 1),
(2, 'Shipped', '2020-06-06 09:54:52', '2020-06-06 09:54:52', 3, 1),
(6, 'Cancelled', '2020-06-06 09:54:52', '2020-06-06 09:54:52', 7, 1),
(9, 'Declined', '2020-06-06 09:54:52', '2020-06-06 09:54:52', 10, 1),
(7, 'Refunded', '2020-06-06 09:54:52', '2020-06-06 09:54:52', 8, 1),
(4, 'Completed', '2020-06-06 09:54:52', '2020-06-06 09:54:52', 5, 1),
(3, 'Out for Delivery', '2020-06-06 09:54:52', '2020-06-06 09:54:52', 4, 1),
(8, 'Partially Refunded', '2020-06-06 09:54:52', '2020-06-06 09:54:52', 9, 1);

-- --------------------------------------------------------

--
-- Table structure for table `payment_mode_master`
--

CREATE TABLE `payment_mode_master` (
  `id` int(11) NOT NULL,
  `name` varchar(45) DEFAULT NULL,
  `added` datetime DEFAULT current_timestamp(),
  `updated` datetime DEFAULT current_timestamp()
) ENGINE=MyISAM DEFAULT CHARSET=latin1;

--
-- Dumping data for table `payment_mode_master`
--

INSERT INTO `payment_mode_master` (`id`, `name`, `added`, `updated`) VALUES
(1, 'Credit Card', '2020-06-06 10:09:49', '2020-06-06 10:09:49'),
(2, 'Debit Card', '2020-06-06 10:09:49', '2020-06-06 10:09:49'),
(3, 'Smart Card', '2020-06-06 10:09:49', '2020-06-06 10:09:49'),
(4, 'E-Wallet', '2020-06-06 10:09:49', '2020-06-06 10:09:49'),
(5, 'Netbanking', '2020-06-06 10:09:49', '2020-06-06 10:09:49'),
(6, 'Mobile Payment', '2020-06-06 10:09:49', '2020-06-06 10:09:49'),
(7, 'Amazon Pay', '2020-06-06 10:09:49', '2020-06-06 10:09:49'),
(8, 'COD', '2020-07-26 19:48:54', '2020-07-26 19:48:54'),
(0, 'Not Defined', '2020-12-12 18:46:54', '2020-12-12 18:46:54');

-- --------------------------------------------------------

--
-- Table structure for table `pincodes_criteria`
--

CREATE TABLE `pincodes_criteria` (
  `id` int(11) NOT NULL,
  `pincode` varchar(10) NOT NULL,
  `active` int(11) NOT NULL DEFAULT 1,
  `shop_id` varchar(10) NOT NULL,
  `business_id` int(11) DEFAULT NULL,
  `price` int(11) NOT NULL,
  `is_deleted` enum('NOT_DELETED','DELETED') DEFAULT 'NOT_DELETED'
) ENGINE=InnoDB DEFAULT CHARSET=utf8mb4;

--
-- Dumping data for table `pincodes_criteria`
--

INSERT INTO `pincodes_criteria` (`id`, `pincode`, `active`, `shop_id`, `business_id`, `price`, `is_deleted`) VALUES
(1, '208014', 1, '6', NULL, 30, 'NOT_DELETED'),
(2, '208007', 1, '6', NULL, 30, 'NOT_DELETED'),
(11, '97', 1, '66', 10, 824, 'NOT_DELETED');

-- --------------------------------------------------------

--
-- Table structure for table `products_category`
--

CREATE TABLE `products_category` (
  `id` int(11) NOT NULL,
  `name` varchar(50) NOT NULL,
  `description` text DEFAULT NULL,
  `icon` varchar(200) DEFAULT 'default.png' COMMENT 'icon will be store using base 64',
  `order` int(11) NOT NULL,
  `is_parent` int(11) NOT NULL DEFAULT 0,
  `added` timestamp NOT NULL DEFAULT current_timestamp(),
  `updated` datetime DEFAULT NULL,
  `shop_category_id` int(11) NOT NULL DEFAULT 1,
  `tax_id` int(11) NOT NULL DEFAULT 0,
  `tax_value` varchar(5) NOT NULL DEFAULT '0',
  `active` int(11) NOT NULL DEFAULT 1,
  `is_deleted` enum('NOT_DELETED','DELETED') DEFAULT 'NOT_DELETED'
) ENGINE=InnoDB DEFAULT CHARSET=latin1;

--
-- Dumping data for table `products_category`
--

INSERT INTO `products_category` (`id`, `name`, `description`, `icon`, `order`, `is_parent`, `added`, `updated`, `shop_category_id`, `tax_id`, `tax_value`, `active`, `is_deleted`) VALUES
(1, '', '', '/application/photo/category/kitchen.jpeg', 0, 0, '2021-09-13 16:17:17', NULL, 1, 4, '5', 1, 'NOT_DELETED'),
(2, 'Cleaning Products', 'All types cleaning products.', '/application/photo/category/kitchen.jpeg', 0, 1, '2021-09-13 16:29:16', NULL, 1, 0, '', 1, 'NOT_DELETED'),
(6, 'BEVERAGES', 'beverages', '/application/photo/category/IMG_29092021_15071.PNG', 0, 5, '2021-09-29 09:38:03', NULL, 1, 0, 'null', 1, 'NOT_DELETED'),
(11, 'Bagss', 'testingtestingtestingtestingtestingtestingtestingtestingtestingtestingtesting', '/application/photo/category/6230141443.jpg', 0, 0, '2021-10-14 09:52:52', NULL, 1, 3, '56', 1, 'NOT_DELETED'),
(12, 'bag1', 'sdh djashdj djshdasj jhsd', '/application/photo/category/2084796080.jpg', 0, 11, '2021-10-14 09:53:18', NULL, 1, 3, '56', 1, 'NOT_DELETED'),
(13, 'Aladdin Santiago', 'Consectetur volupta', '/application/photo/category/5317839610.jpg', 0, 11, '2021-10-16 11:18:44', NULL, 1, 4, '5', 1, 'DELETED'),
(14, 'Alvin Benton', 'Pariatur Non aperia', '/application/photo/category/8367277048.png', 0, 1, '2021-10-16 11:19:31', NULL, 1, 1, '18', 1, 'DELETED'),
(15, 'April Obrien', 'Ipsum animi vero qu', '/application/photo/category/2117330215.png', 0, 1, '2021-10-16 11:20:10', NULL, 1, 1, '18', 1, 'DELETED');

-- --------------------------------------------------------

--
-- Table structure for table `products_photo`
--

CREATE TABLE `products_photo` (
  `id` int(11) NOT NULL,
  `item_id` int(11) NOT NULL COMMENT 'link with products_subcategory',
  `img` varchar(100) NOT NULL,
  `is_cover` int(11) NOT NULL DEFAULT 0 COMMENT '0 or 1',
  `added` datetime NOT NULL,
  `updated` datetime DEFAULT NULL,
  `active` int(11) NOT NULL DEFAULT 1
) ENGINE=InnoDB DEFAULT CHARSET=latin1;

--
-- Dumping data for table `products_photo`
--

INSERT INTO `products_photo` (`id`, `item_id`, `img`, `is_cover`, `added`, `updated`, `active`) VALUES
(6, 6, '/application/photo/category/product1.jpeg', 1, '2021-09-16 22:44:48', '2021-09-16 22:44:48', 1),
(7, 7, '/application/photo/category/magic.jpg', 1, '2021-09-17 18:14:29', '2021-09-17 18:14:30', 1),
(21, 42, '/application/photo/product/IMG_28092021_1145.PNG', 1, '2021-09-28 00:00:00', '2021-09-28 00:00:00', 1),
(22, 42, '/application/photo/product/IMG_20210928_114729798.jpg', 0, '2021-09-28 00:00:00', '2021-09-28 00:00:00', 1),
(23, 42, '/application/photo/product/IMG_20210928_114805705.jpg', 0, '2021-09-28 00:00:00', '2021-09-28 00:00:00', 1),
(24, 42, '/application/photo/product/IMG_20210928_114815260.jpg', 0, '2021-09-28 00:00:00', '2021-09-28 00:00:00', 1),
(25, 42, '/application/photo/product/IMG_20210928_114823995.jpg', 0, '2021-09-28 00:00:00', '2021-09-28 00:00:00', 1),
(26, 42, '/application/photo/product/IMG_20210928_114831624.jpg', 0, '2021-09-28 00:00:00', '2021-09-28 00:00:00', 1),
(31, 43, '/application/photo/product/IMG_29092021_0220.PNG', 1, '2021-09-29 00:00:00', '2021-09-29 00:00:00', 1),
(32, 43, '/application/photo/product/IMG_20210929_022303561.jpg', 2, '2021-09-29 00:00:00', '2021-09-29 00:00:00', 1),
(33, 43, '/application/photo/product/IMG_20210929_022315948.jpg', 3, '2021-09-29 00:00:00', '2021-09-29 00:00:00', 1),
(34, 43, '/application/photo/product/IMG_20210929_022323871.jpg', 2, '2021-09-29 00:00:00', '2021-09-29 00:00:00', 1),
(35, 43, '/application/photo/product/IMG_20210929_022335575.jpg', 4, '2021-09-29 00:00:00', '2021-09-29 00:00:00', 1),
(36, 43, '/application/photo/product/IMG_20210929_022343354.jpg', 5, '2021-09-29 00:00:00', '2021-09-29 00:00:00', 1),
(37, 43, '/application/photo/product/IMG_20210929_022349993.jpg', 6, '2021-09-29 00:00:00', '2021-09-29 00:00:00', 1),
(38, 43, '/application/photo/product/IMG_20210929_022358009.jpg', 2, '2021-09-29 00:00:00', '2021-09-29 00:00:00', 1),
(39, 44, '/application/photo/product/IMG_29092021_0227.PNG', 1, '2021-09-29 00:00:00', '2021-09-29 00:00:00', 1),
(40, 44, '/application/photo/product/IMG_20210929_022947796.jpg', 2, '2021-09-29 00:00:00', '2021-09-29 00:00:00', 1),
(41, 44, '/application/photo/product/IMG_20210929_022955151.jpg', 3, '2021-09-29 00:00:00', '2021-09-29 00:00:00', 1),
(42, 44, '/application/photo/product/IMG_20210929_023001273.jpg', 4, '2021-09-29 00:00:00', '2021-09-29 00:00:00', 1),
(43, 44, '/application/photo/product/IMG_20210929_023020200.jpg', 2, '2021-09-29 00:00:00', '2021-09-29 00:00:00', 1),
(44, 45, '/application/photo/product/IMG_09102021_0059.PNG', 1, '2021-10-09 00:00:00', '2021-10-09 00:00:00', 1),
(45, 45, '/application/photo/product/IMG_20211009_010231055.jpg', 2, '2021-10-09 00:00:00', '2021-10-09 00:00:00', 1),
(46, 45, '/application/photo/product/IMG_20211009_010237617.jpg', 3, '2021-10-09 00:00:00', '2021-10-09 00:00:00', 1),
(47, 45, '/application/photo/product/IMG_20211009_010244088.jpg', 4, '2021-10-09 00:00:00', '2021-10-09 00:00:00', 1),
(48, 45, '/application/photo/product/IMG_20211009_010251249.jpg', 5, '2021-10-09 00:00:00', '2021-10-09 00:00:00', 1),
(49, 45, '/application/photo/product/IMG_20211009_010256912.jpg', 6, '2021-10-09 00:00:00', '2021-10-09 00:00:00', 1),
(50, 46, '/application/photo/product/IMG_09102021_0106.PNG', 1, '2021-10-09 00:00:00', '2021-10-09 00:00:00', 1),
(51, 46, '/application/photo/product/IMG_20211009_010918897.jpg', 2, '2021-10-09 00:00:00', '2021-10-09 00:00:00', 1),
(52, 46, '/application/photo/product/IMG_20211009_010926175.jpg', 3, '2021-10-09 00:00:00', '2021-10-09 00:00:00', 1),
(53, 46, '/application/photo/product/IMG_20211009_010932619.jpg', 4, '2021-10-09 00:00:00', '2021-10-09 00:00:00', 1),
(54, 46, '/application/photo/product/IMG_20211009_010938720.jpg', 5, '2021-10-09 00:00:00', '2021-10-09 00:00:00', 1),
(55, 47, '/application/photo/product/IMG_09102021_0112.PNG', 1, '2021-10-09 00:00:00', '2021-10-09 00:00:00', 1),
(56, 47, '/application/photo/product/IMG_20211009_011356480.jpg', 2, '2021-10-09 00:00:00', '2021-10-09 00:00:00', 1),
(58, 47, '/application/photo/product/IMG_20211009_011407133.jpg', 4, '2021-10-09 00:00:00', '2021-10-09 00:00:00', 1),
(59, 47, '/application/photo/product/IMG_20211009_011417159.jpg', 5, '2021-10-09 00:00:00', '2021-10-09 00:00:00', 1),
(60, 47, '/application/photo/product/IMG_20211009_011424886.jpg', 6, '2021-10-09 00:00:00', '2021-10-09 00:00:00', 1),
(61, 47, '/application/photo/product/IMG_20211009_011434400.jpg', 7, '2021-10-09 00:00:00', '2021-10-09 00:00:00', 1),
(62, 47, '/application/photo/product/IMG_20211009_011440668.jpg', 8, '2021-10-09 00:00:00', '2021-10-09 00:00:00', 1),
(63, 48, '/application/photo/product/IMG_09102021_0116.PNG', 1, '2021-10-09 00:00:00', '2021-10-09 00:00:00', 1),
(64, 48, '/application/photo/product/IMG_20211009_011747300.jpg', 2, '2021-10-09 00:00:00', '2021-10-09 00:00:00', 1),
(65, 48, '/application/photo/product/IMG_20211009_011753905.jpg', 3, '2021-10-09 00:00:00', '2021-10-09 00:00:00', 1),
(66, 48, '/application/photo/product/IMG_20211009_011759978.jpg', 4, '2021-10-09 00:00:00', '2021-10-09 00:00:00', 1),
(67, 48, '/application/photo/product/IMG_20211009_011806329.jpg', 5, '2021-10-09 00:00:00', '2021-10-09 00:00:00', 1),
(68, 48, '/application/photo/product/IMG_20211009_011814333.jpg', 5, '2021-10-09 00:00:00', '2021-10-09 00:00:00', 1),
(69, 48, '/application/photo/product/IMG_20211009_011819903.jpg', 2, '2021-10-09 00:00:00', '2021-10-09 00:00:00', 1),
(81, 53, 'application/photo/20211016618006.jpeg', 0, '0000-00-00 00:00:00', NULL, 1),
(83, 53, 'application/photo/20211016605723.jpg', 0, '0000-00-00 00:00:00', NULL, 1),
(84, 54, 'application/photo/20211016696046.jpg', 1, '0000-00-00 00:00:00', NULL, 1),
(87, 55, 'application/photo/20211016763929.jpeg', 0, '0000-00-00 00:00:00', NULL, 1),
(89, 55, 'application/photo/20211016923543.jpg', 0, '0000-00-00 00:00:00', NULL, 1),
(90, 56, 'application/photo/20211016485697.png', 1, '0000-00-00 00:00:00', NULL, 1),
(98, 57, 'application/photo/20211018223310.jpg', 1, '0000-00-00 00:00:00', NULL, 1),
(113, 57, 'application/photo/2021101835234.jpeg', 0, '0000-00-00 00:00:00', NULL, 1),
(115, 57, 'application/photo/20211018184531.png', 0, '0000-00-00 00:00:00', NULL, 1);

-- --------------------------------------------------------

--
-- Table structure for table `products_subcategory`
--

CREATE TABLE `products_subcategory` (
  `id` int(11) NOT NULL,
  `product_code` varchar(50) DEFAULT NULL,
  `parent_cat_id` int(11) NOT NULL,
  `name` varchar(100) NOT NULL,
  `unit_type` varchar(30) NOT NULL COMMENT 'comes from unit master',
  `unit_type_id` int(11) NOT NULL,
  `unit_value` varchar(50) NOT NULL COMMENT '3 pieces or 2 kg',
  `description` longtext DEFAULT NULL,
  `active` int(11) NOT NULL DEFAULT 1,
  `added` timestamp NOT NULL DEFAULT current_timestamp() ON UPDATE current_timestamp(),
  `updated` datetime DEFAULT NULL,
  `search_keywords` varchar(100) DEFAULT NULL,
  `rating` varchar(5) DEFAULT '4.2',
  `is_deleted` enum('NOT_DELETED','DELETED') DEFAULT 'NOT_DELETED'
) ENGINE=InnoDB DEFAULT CHARSET=latin1;

--
-- Dumping data for table `products_subcategory`
--

INSERT INTO `products_subcategory` (`id`, `product_code`, `parent_cat_id`, `name`, `unit_type`, `unit_type_id`, `unit_value`, `description`, `active`, `added`, `updated`, `search_keywords`, `rating`, `is_deleted`) VALUES
(6, '2386', 2, 'Scrach proof kitchen scrubber pads for utensiles', 'PIECE', 2, '6', 'Scrach proof kitchen scrubber pads for utensiles', 1, '2021-10-11 06:24:16', NULL, 'Scrach proof kitchen scrubber pads for utensiles', '4.2', 'NOT_DELETED'),
(7, '1439', 2, 'Magic towel reusable absorbent water for kitchen', 'PIECE', 2, '6', 'Magic towel reusable absorbent water for kitchen', 1, '2021-10-11 06:24:16', NULL, 'Magic towel reusable absorbent water for kitchen', '4.2', 'NOT_DELETED'),
(42, '1458', 2, 'Winter Comfortable Soft Toilet Seat Mat', 'PIECE', 2, '3', 'Easy to install,easy to use and easy to clean. Keep warm in cold day, health care and sanitary with this toilet seat cover. This toilet seat cover can be hand or machine washed. This toilet seat cover is thin but very soft and comfortable. The great way to stay warm and comfortable all year round - not just for winter. High quality super soft micro fiber will help eliminate soreness and discomfort every time you use the toilet. Multi color and attractive design to compliment your toilets decor.', 1, '2021-10-11 06:24:16', NULL, 'Winter Comfortable Soft Toilet Seat Mat', '4.2', 'NOT_DELETED'),
(43, '2383', 2, 'Round Shape Stainless Steel Ball Scrubber', 'PIECE', 2, '3', 'Steel scrubber is India\'s largest steel scrubber brand. Corrosion resistant: exo safai steel is made from 100 and stainless steel wires and hence doesn\'t corrode there by is absolutely safe for your family tough on grease: the steel wires are bound in such a way that it gives the best cleaning power safe to hand: the steel wires in exo safai steel are tempered in such a way that they are tough on grease while are absolutely safe to hand. It doesn\'t cause any cut or bruise on hand.', 1, '2021-10-11 06:24:16', NULL, 'Round Shape Stainless Steel Ball Scrubber', '4.2', 'NOT_DELETED'),
(44, '1403', 2, 'Bathroom Brush', 'PIECE', 2, '3', 'Provides a flat surface for easy clean .\nCleans better and lasts longer .\nEasy to hold and use .\nUnique triangular shape easily reaches corners .\nEvenly spread alox particles on scrubber- for effective cleaning of tough stains .\nIdeal for cleaning tiles , floors, skirtings and aids as an effective bathroom cleaning tool .\nDurable scrub firmly attached to the handle .', 1, '2021-10-11 06:24:16', NULL, 'Bathroom Brush', '4.2', 'NOT_DELETED'),
(45, '0159', 2, 'Plastic Wash Basin Brush Cleaner with Liquid Soap Dispenser', 'PIECE', 2, '6', 'Plastic Wash Basin Brush Cleaner with Liquid Soap Dispenser', 1, '2021-10-11 06:24:16', NULL, 'Plastic Wash Basin Brush Cleaner with Liquid Soap Dispenser', '4.2', 'NOT_DELETED'),
(46, '1429', 2, 'Scrub Sponge 2 in 1 Pad for Kitchen , Sink , Bathroom', 'PIECE', 2, '1', 'Scrub Sponge 2 in 1 Pad for Kitchen , Sink , Bathroom', 1, '2021-10-11 06:24:16', NULL, 'Scrub Sponge 2 in 1 Pad for Kitchen , Sink , Bathroom', '4.2', 'NOT_DELETED'),
(47, '1687', 2, 'Window Cleaner Glazed Glass Cleaner Wiper', 'PIECE', 2, '3', 'Window Cleaner Glazed Glass Cleaner Wiper', 1, '2021-10-11 06:24:16', NULL, 'Window Cleaner Glazed Glass Cleaner Wiper', '4.2', 'NOT_DELETED'),
(48, '2553', 2, 'Dust Pan', 'PIECE', 2, '1', 'Dust Pan', 1, '2021-10-18 06:14:38', NULL, 'Dust Pan', '4.2', 'DELETED'),
(53, 'Perferendis ipsam eu', 12, 'Amaya Larsen', '7', 0, 'Est voluptatem corru', 'Laborum consequatur', 1, '2021-10-16 08:38:44', NULL, 'Ut excepteur volupta', '4.2', 'NOT_DELETED'),
(54, 'Non necessitatibus e', 2, 'Carla Knapp', '9', 0, 'Non dolor consequatu', 'Fugiat nihil est del', 1, '2021-10-16 09:34:34', NULL, 'Deleniti ipsum sequ', '4.2', 'NOT_DELETED'),
(55, 'Culpa repellendus V', 12, 'Jade Spencer', '8', 0, 'Dolore commodo assum', 'Ipsam est quaerat no', 1, '2021-10-18 05:04:01', NULL, 'Fugiat rerum quis f', '4.2', 'NOT_DELETED'),
(56, 'Laboriosam consequa', 2, 'Zephr Clements', '', 0, 'Sed velit eligendi l', 'Aliquip placeat qui', 1, '2021-10-16 13:15:28', NULL, 'Magnam maiores conse', '4.2', 'NOT_DELETED'),
(57, 'Sint repudiandae et', 12, 'Baker Daugherty', '7', 0, 'Facilis maiores mini', 'Facere at repellendu', 1, '2021-10-18 11:18:21', NULL, 'Quis provident aute', '4.2', 'NOT_DELETED');

-- --------------------------------------------------------

--
-- Table structure for table `product_props`
--

CREATE TABLE `product_props` (
  `id` int(11) NOT NULL,
  `product_id` int(11) NOT NULL COMMENT 'linked from products subcategory',
  `props_id` int(11) NOT NULL COMMENT 'linked from product_props_master',
  `value` longtext NOT NULL,
  `added` datetime NOT NULL,
  `updated` datetime DEFAULT NULL,
  `is_deleted` enum('NOT_DELETED','DELETED') DEFAULT 'NOT_DELETED'
) ENGINE=InnoDB DEFAULT CHARSET=latin1;

--
-- Dumping data for table `product_props`
--

INSERT INTO `product_props` (`id`, `product_id`, `props_id`, `value`, `added`, `updated`, `is_deleted`) VALUES
(57, 6, 3, 'Scrach proof kitchen scrubber pads for utensiles', '2021-09-16 00:00:00', '2021-09-16 00:00:00', 'NOT_DELETED'),
(58, 7, 3, 'Magic towel reusable absorbent water for kitchen', '2021-09-17 00:00:00', '2021-09-17 00:00:00', 'NOT_DELETED'),
(66, 42, 3, 'Easy to install,easy to use and easy to clean. Keep warm in cold day, health care and sanitary with this toilet seat cover. This toilet seat cover can be hand or machine washed. This toilet seat cover is thin but very soft and comfortable. The great way to stay warm and comfortable all year round - not just for winter. High quality super soft micro fiber will help eliminate soreness and discomfort every time you use the toilet. Multi color and attractive design to compliment your toilets decor.', '2021-09-28 00:00:00', '2021-09-28 00:00:00', 'NOT_DELETED'),
(67, 43, 3, 'Steel scrubber is India\'s largest steel scrubber brand. Corrosion resistant: exo safai steel is made from 100 and stainless steel wires and hence doesn\'t corrode there by is absolutely safe for your family tough on grease: the steel wires are bound in such a way that it gives the best cleaning power safe to hand: the steel wires in exo safai steel are tempered in such a way that they are tough on grease while are absolutely safe to hand. It doesn\'t cause any cut or bruise on hand.', '2021-09-29 00:00:00', '2021-09-29 00:00:00', 'NOT_DELETED'),
(68, 44, 3, 'Provides a flat surface for easy clean .\nCleans better and lasts longer .\nEasy to hold and use .\nUnique triangular shape easily reaches corners .\nEvenly spread alox particles on scrubber- for effective cleaning of tough stains .\nIdeal for cleaning tiles , floors, skirtings and aids as an effective bathroom cleaning tool .\nDurable scrub firmly attached to the handle .', '2021-09-29 00:00:00', '2021-09-29 00:00:00', 'NOT_DELETED'),
(69, 44, 7, '127 x123               45\nchfuffigigj             35', '2021-10-01 00:00:00', '2021-10-01 00:00:00', 'NOT_DELETED'),
(70, 45, 3, 'Cleaning your kitchen is now a fun process with Prestige clean home dish brush. The dish brush effectively cleans gas stoves, sinks, kitchen slabs and kitchen tiles etc. The soft bristles offer scratch-free cleaning. The dish brush also protects your hands from chemicals.\nThe self dispensing cleaning brush with soap reservoir is very easy to use. Just open the top and add the soap or detergent. Its hidden plunger action releases soap into bristles when pressed and you can clean without using extra detergent or soap. It scrubs pots, greasy dishes, pans, tiles with ease.', '2021-10-09 00:00:00', '2021-10-09 00:00:00', 'NOT_DELETED'),
(71, 46, 3, 'Best foam scrubber pad for utensils washing ,Kitchen, Wash Basin ,Bathroom, Bathtub, Tiles, Car Wash , . Make your home a Bright Home !!! High Quality Scrub Pads essential for your home pantry . Value pack is best buy for savings .Double Sided 2in1 Sponge has One Non Scratch Soft Spongy Side and One Rough Scouring Scrubber Pad for tough stains .Surface Cleaning Sponge with Anti Odour Bacteria Resistant Material. Soft for hands, Hard for Stains ! Scrub pads attached with sponge pad. These Long lasting nylon scrubbers are highly durable, Guarantee for best results .It will take seconds for you to clean the dirty utensils with these Scrub sponge Pads .', '2021-10-09 00:00:00', '2021-10-09 00:00:00', 'NOT_DELETED'),
(72, 47, 3, 'In life, windows will inevitably be wet or dirty, which will also affect our appreciation of the scenery. At this time, we need a window squeegee to clean up. The window squeegee not only easy clean up but also light. Make you can clean for a long time and won\'t feel tied.', '2021-10-09 00:00:00', '2021-10-09 00:00:00', 'NOT_DELETED'),
(73, 48, 3, 'Keep everyday spaces looking clean and presentable with help from this dustpan and brush set. The set includes an ergonomic handheld brush and a sturdy dustpan that work together for quick, easy clean-ups.?The brushs soft bristles effectively sweep up dust, dirt, crumbs, and other dry messes, while the wide-mouth dustpans soft moulded lip directs dust and debris into the pan (not under it).', '2021-10-09 00:00:00', '2021-10-09 00:00:00', 'NOT_DELETED'),
(79, 56, 7, 'asas', '0000-00-00 00:00:00', NULL, 'NOT_DELETED'),
(87, 6, 7, 'qwqw', '0000-00-00 00:00:00', NULL, 'NOT_DELETED');

-- --------------------------------------------------------

--
-- Table structure for table `product_props_master`
--

CREATE TABLE `product_props_master` (
  `id` int(11) NOT NULL,
  `name` varchar(100) NOT NULL,
  `added` datetime NOT NULL,
  `updated` datetime DEFAULT NULL,
  `is_deleted` enum('NOT_DELETED','DELETED') DEFAULT 'NOT_DELETED',
  `active` int(11) DEFAULT 1
) ENGINE=InnoDB DEFAULT CHARSET=latin1;

--
-- Dumping data for table `product_props_master`
--

INSERT INTO `product_props_master` (`id`, `name`, `added`, `updated`, `is_deleted`, `active`) VALUES
(3, 'About', '2020-05-18 16:49:34', NULL, 'NOT_DELETED', 1),
(7, 'Dimensions', '2021-10-01 00:00:00', '2021-10-01 00:00:00', 'NOT_DELETED', 1);

-- --------------------------------------------------------

--
-- Table structure for table `product_ratings`
--

CREATE TABLE `product_ratings` (
  `id` int(11) NOT NULL,
  `product_id` int(11) NOT NULL,
  `rating` int(11) DEFAULT 0 COMMENT 'between 1 to 5',
  `reviews` longtext DEFAULT NULL,
  `user_id` varchar(10) NOT NULL,
  `added` datetime DEFAULT NULL
) ENGINE=MyISAM DEFAULT CHARSET=latin1;

-- --------------------------------------------------------

--
-- Table structure for table `shops`
--

CREATE TABLE `shops` (
  `id` int(11) NOT NULL,
  `shop_name` varchar(100) NOT NULL,
  `state` int(11) NOT NULL,
  `city` int(11) NOT NULL,
  `district` varchar(100) DEFAULT NULL COMMENT 'fetch from google',
  `locality` varchar(100) DEFAULT NULL COMMENT 'fetch from google',
  `pin_code` varchar(10) NOT NULL,
  `address` varchar(200) NOT NULL,
  `contact` varchar(10) NOT NULL DEFAULT '',
  `alternate_contact` varchar(10) DEFAULT NULL,
  `otp` varchar(6) NOT NULL,
  `email` varchar(50) DEFAULT NULL,
  `longitude` varchar(50) NOT NULL,
  `latitude` varchar(50) NOT NULL,
  `isDelivery` int(11) NOT NULL,
  `shop_category_id` int(11) NOT NULL DEFAULT 1 COMMENT 'linked from shops category',
  `isActive` int(11) NOT NULL,
  `open_time` time NOT NULL,
  `close_time` time NOT NULL,
  `added` datetime NOT NULL DEFAULT current_timestamp(),
  `updated` datetime DEFAULT current_timestamp(),
  `is_live` int(11) NOT NULL DEFAULT 1 COMMENT '0=offline 1=live',
  `business_id` int(11) DEFAULT 0 COMMENT 'this is bussiness id come from business table',
  `is_deleted` enum('NOT_DELETED','DELETED') DEFAULT 'NOT_DELETED'
) ENGINE=InnoDB DEFAULT CHARSET=latin1;

--
-- Dumping data for table `shops`
--

INSERT INTO `shops` (`id`, `shop_name`, `state`, `city`, `district`, `locality`, `pin_code`, `address`, `contact`, `alternate_contact`, `otp`, `email`, `longitude`, `latitude`, `isDelivery`, `shop_category_id`, `isActive`, `open_time`, `close_time`, `added`, `updated`, `is_live`, `business_id`, `is_deleted`) VALUES
(6, 'CleaningKart First Store', 1, 1, 'Kanpur Nagar', 'Lal Bangla', '208014', 'Lal Bangla', '9935059157', '9451009260', '######', 'info@shop1.com', '26.435471', '80.30549', 1, 1, 1, '10:00:00', '20:00:00', '0000-00-00 00:00:00', '2020-06-24 00:00:00', 1, 6, 'NOT_DELETED'),
(66, 'Demo Shop', 0, 0, NULL, NULL, '', '', '', NULL, '', NULL, '', '', 0, 1, 0, '00:00:00', '00:00:00', '2021-10-11 17:10:36', '2021-10-11 17:10:36', 1, 10, 'NOT_DELETED');

-- --------------------------------------------------------

--
-- Table structure for table `shops_account`
--

CREATE TABLE `shops_account` (
  `id` int(11) NOT NULL,
  `shop_id` int(11) NOT NULL,
  `owner_name` varchar(50) DEFAULT NULL,
  `owner_gender` varchar(20) DEFAULT NULL,
  `owner_photo` varchar(50) DEFAULT 'owner.png',
  `owner_dob` varchar(20) DEFAULT NULL,
  `registration_name` varchar(100) NOT NULL,
  `logo` varchar(100) NOT NULL DEFAULT 'shoplogo.png',
  `gst` varchar(20) DEFAULT NULL,
  `registration_no` varchar(20) DEFAULT NULL,
  `registration_type` varchar(100) DEFAULT NULL,
  `bank_account` varchar(30) DEFAULT NULL,
  `ifsc` varchar(20) DEFAULT NULL,
  `micr` varchar(20) DEFAULT NULL,
  `bank_name` varchar(50) DEFAULT NULL,
  `added` datetime NOT NULL DEFAULT current_timestamp(),
  `updated` datetime NOT NULL DEFAULT current_timestamp()
) ENGINE=InnoDB DEFAULT CHARSET=latin1;

--
-- Dumping data for table `shops_account`
--

INSERT INTO `shops_account` (`id`, `shop_id`, `owner_name`, `owner_gender`, `owner_photo`, `owner_dob`, `registration_name`, `logo`, `gst`, `registration_no`, `registration_type`, `bank_account`, `ifsc`, `micr`, `bank_name`, `added`, `updated`) VALUES
(1, 6, 'Nitin Sachan', 'Male', 'owner.png', '24-11-1985', 'Shop Demo 1', 'shoplogo.png', '123456789', '123456789', 'Proprietor', '30800091999', 'SBIIN0777', '12345', 'State Bank of India', '2020-05-02 23:20:22', '2020-05-02 23:20:35');

-- --------------------------------------------------------

--
-- Table structure for table `shops_coupons_offers`
--

CREATE TABLE `shops_coupons_offers` (
  `co_id` int(11) NOT NULL,
  `shop_id` int(11) NOT NULL,
  `offer_assosiated_id` int(11) DEFAULT NULL,
  `offer_associated` varchar(10) DEFAULT NULL,
  `product_id` varchar(10) DEFAULT NULL,
  `category_id` varchar(10) DEFAULT NULL,
  `offer_upto` varchar(10) DEFAULT '0',
  `added` datetime NOT NULL,
  `updated` datetime DEFAULT NULL
) ENGINE=MyISAM DEFAULT CHARSET=latin1;

-- --------------------------------------------------------

--
-- Table structure for table `shops_inventory`
--

CREATE TABLE `shops_inventory` (
  `id` int(11) NOT NULL,
  `product_id` int(11) NOT NULL COMMENT 'linked from products subcategory',
  `qty` int(11) NOT NULL,
  `purchase_rate` decimal(10,2) NOT NULL DEFAULT 0.00,
  `mrp` decimal(10,2) DEFAULT 0.00,
  `selling_rate` decimal(10,2) NOT NULL DEFAULT 0.00,
  `shop_id` int(11) NOT NULL COMMENT 'linked from shops',
  `status` int(11) NOT NULL DEFAULT 1
) ENGINE=InnoDB DEFAULT CHARSET=latin1;

--
-- Dumping data for table `shops_inventory`
--

INSERT INTO `shops_inventory` (`id`, `product_id`, `qty`, `purchase_rate`, `mrp`, `selling_rate`, `shop_id`, `status`) VALUES
(1, 6, 0, '120.00', '150.00', '135.00', 6, 1),
(2, 7, 8, '150.00', '200.00', '186.00', 6, 1),
(4, 42, 13, '200.00', '300.00', '255.00', 6, 1),
(5, 44, 2, '20.00', '50.00', '29.00', 6, 1),
(6, 43, 12, '5.00', '10.00', '7.00', 6, 1),
(7, 48, 20, '40.00', '80.00', '50.00', 6, 1),
(8, 45, 25, '29.00', '50.00', '40.00', 6, 1),
(9, 46, 18, '66.00', '90.00', '70.00', 6, 1),
(10, 47, 20, '41.00', '50.00', '45.00', 6, 1);

-- --------------------------------------------------------

--
-- Table structure for table `shops_photo`
--

CREATE TABLE `shops_photo` (
  `id` int(11) NOT NULL,
  `shop_id` int(11) NOT NULL COMMENT 'linked with shops',
  `image` varchar(100) NOT NULL,
  `is_cover` int(11) NOT NULL DEFAULT 0,
  `active` int(11) NOT NULL DEFAULT 1,
  `added` datetime NOT NULL DEFAULT current_timestamp(),
  `updated` datetime DEFAULT current_timestamp()
) ENGINE=InnoDB DEFAULT CHARSET=latin1;

--
-- Dumping data for table `shops_photo`
--

INSERT INTO `shops_photo` (`id`, `shop_id`, `image`, `is_cover`, `active`, `added`, `updated`) VALUES
(26, 6, '/application/photo/shop_photo/IMG_20200524_141333195.jpg', 1, 1, '0000-00-00 00:00:00', '0000-00-00 00:00:00');

-- --------------------------------------------------------

--
-- Table structure for table `shop_category`
--

CREATE TABLE `shop_category` (
  `id` int(11) NOT NULL,
  `name` varchar(50) NOT NULL,
  `icon` varchar(50) NOT NULL COMMENT 'it should base64 string',
  `added` datetime NOT NULL DEFAULT current_timestamp(),
  `updated` datetime NOT NULL DEFAULT current_timestamp()
) ENGINE=InnoDB DEFAULT CHARSET=latin1;

--
-- Dumping data for table `shop_category`
--

INSERT INTO `shop_category` (`id`, `name`, `icon`, `added`, `updated`) VALUES
(1, 'Grocery', '1.png', '2020-05-02 18:23:53', '0000-00-00 00:00:00');

-- --------------------------------------------------------

--
-- Table structure for table `shop_delivery_locations`
--

CREATE TABLE `shop_delivery_locations` (
  `location_id` int(11) NOT NULL,
  `shop_id` int(11) NOT NULL,
  `state_id` int(11) NOT NULL,
  `city_id` int(11) NOT NULL,
  `added` datetime NOT NULL,
  `updated` datetime NOT NULL DEFAULT current_timestamp()
) ENGINE=MyISAM DEFAULT CHARSET=latin1;

--
-- Dumping data for table `shop_delivery_locations`
--

INSERT INTO `shop_delivery_locations` (`location_id`, `shop_id`, `state_id`, `city_id`, `added`, `updated`) VALUES
(17, 6, 1, 1, '2020-07-26 00:00:00', '2020-07-26 12:07:27'),
(16, 6, 2, 5, '2020-07-26 00:00:00', '2020-07-26 12:07:17');

-- --------------------------------------------------------

--
-- Table structure for table `shop_inventory_logs`
--

CREATE TABLE `shop_inventory_logs` (
  `id` int(11) NOT NULL,
  `product_id` int(11) DEFAULT NULL,
  `qty` int(11) DEFAULT NULL,
  `purchase_rate` decimal(10,2) DEFAULT 0.00,
  `selling_rate` decimal(10,2) DEFAULT 0.00,
  `mrp` decimal(10,2) NOT NULL DEFAULT 0.00,
  `shop_id` int(11) DEFAULT NULL,
  `date_added` datetime NOT NULL DEFAULT current_timestamp(),
  `action` varchar(100) DEFAULT NULL
) ENGINE=MyISAM DEFAULT CHARSET=latin1;

--
-- Dumping data for table `shop_inventory_logs`
--

INSERT INTO `shop_inventory_logs` (`id`, `product_id`, `qty`, `purchase_rate`, `selling_rate`, `mrp`, `shop_id`, `date_added`, `action`) VALUES
(1, 346, 2, '0.00', '221.63', '280.00', 6, '2021-02-11 17:52:41', 'undo'),
(2, 5, 50, '100.00', '110.00', '120.00', 6, '2021-09-13 18:21:49', 'insert'),
(3, 5, 0, '100.00', '110.00', '120.00', 6, '2021-09-13 18:23:07', 'update'),
(4, 5, 1, '180.00', '110.00', '100.00', 6, '2021-09-14 04:20:32', 'insert'),
(5, 6, 5, '120.00', '135.00', '150.00', 6, '2021-09-16 17:22:15', 'insert'),
(6, 6, 0, '120.00', '135.00', '150.00', 6, '2021-09-16 17:22:59', 'update'),
(7, 7, 12, '150.00', '186.00', '200.00', 6, '2021-09-17 18:59:52', 'insert'),
(8, 7, 0, '150.00', '186.00', '200.00', 6, '2021-09-17 19:00:02', 'update'),
(9, 7, 12, '160.00', '190.00', '200.00', 6, '2021-09-25 16:49:19', 'undo'),
(10, 42, 14, '200.00', '255.00', '300.00', 6, '2021-09-28 06:21:46', 'insert'),
(11, 42, 0, '200.00', '255.00', '300.00', 6, '2021-09-28 06:23:26', 'update'),
(12, 44, 10, '20.00', '29.00', '50.00', 6, '2021-09-28 21:02:34', 'insert'),
(13, 44, 0, '20.00', '29.00', '50.00', 6, '2021-09-28 21:02:58', 'update'),
(14, 43, 14, '5.00', '7.00', '10.00', 6, '2021-09-28 21:03:31', 'insert'),
(15, 43, 0, '5.00', '7.00', '10.00', 6, '2021-09-28 21:03:47', 'update'),
(16, 48, 20, '40.00', '50.00', '80.00', 6, '2021-10-08 19:50:02', 'insert'),
(17, 48, 0, '40.00', '50.00', '80.00', 6, '2021-10-08 19:50:11', 'update'),
(18, 45, 25, '29.00', '40.00', '50.00', 6, '2021-10-08 19:51:09', 'insert'),
(19, 45, 0, '29.00', '40.00', '50.00', 6, '2021-10-08 19:51:19', 'update'),
(20, 45, 0, '29.00', '40.00', '50.00', 6, '2021-10-08 19:51:32', 'update'),
(21, 46, 20, '66.00', '70.00', '90.00', 6, '2021-10-08 19:52:05', 'insert'),
(22, 46, 0, '66.00', '70.00', '90.00', 6, '2021-10-08 19:52:15', 'update'),
(23, 47, 20, '41.00', '45.00', '50.00', 6, '2021-10-08 19:53:04', 'insert'),
(24, 47, 0, '41.00', '45.00', '50.00', 6, '2021-10-08 19:53:13', 'update');

-- --------------------------------------------------------

--
-- Table structure for table `sms_gateway_master`
--

CREATE TABLE `sms_gateway_master` (
  `id` int(10) UNSIGNED NOT NULL,
  `gateway_name` varchar(200) NOT NULL DEFAULT '',
  `sender_id` varchar(200) NOT NULL DEFAULT '',
  `auth_key` text NOT NULL,
  `url` text NOT NULL,
  `route_id` int(11) NOT NULL,
  `sms_content_type` varchar(200) NOT NULL DEFAULT '',
  `active` int(11) NOT NULL,
  `added` datetime NOT NULL DEFAULT current_timestamp(),
  `updated` datetime NOT NULL DEFAULT current_timestamp()
) ENGINE=InnoDB DEFAULT CHARSET=latin1;

--
-- Dumping data for table `sms_gateway_master`
--

INSERT INTO `sms_gateway_master` (`id`, `gateway_name`, `sender_id`, `auth_key`, `url`, `route_id`, `sms_content_type`, `active`, `added`, `updated`) VALUES
(1, 'MSG CLUB', 'SIGNUP', 'bc70f970ee3f5d9c2ef6bb79734636bc', 'http://msg.msgclub.net/rest/services/sendSMS/sendGroupSms?', 1, 'english', 1, '2020-10-25 05:30:00', '2020-10-25 05:30:00');

-- --------------------------------------------------------

--
-- Table structure for table `society_master`
--

CREATE TABLE `society_master` (
  `socity_id` int(11) NOT NULL,
  `name` varchar(100) COLLATE utf8_unicode_ci NOT NULL,
  `active` int(11) NOT NULL DEFAULT 1,
  `longitude` varchar(50) COLLATE utf8_unicode_ci DEFAULT NULL,
  `latitude` varchar(50) COLLATE utf8_unicode_ci DEFAULT NULL,
  `state` int(11) DEFAULT NULL,
  `city` int(11) DEFAULT NULL,
  `stateg` varchar(50) COLLATE utf8_unicode_ci NOT NULL,
  `cityg` varchar(50) COLLATE utf8_unicode_ci NOT NULL,
  `society_range` int(11) NOT NULL DEFAULT 5,
  `is_deleted` enum('NOT_DELETED','DELETED') COLLATE utf8_unicode_ci DEFAULT 'NOT_DELETED'
) ENGINE=InnoDB DEFAULT CHARSET=utf8 COLLATE=utf8_unicode_ci;

--
-- Dumping data for table `society_master`
--

INSERT INTO `society_master` (`socity_id`, `name`, `active`, `longitude`, `latitude`, `state`, `city`, `stateg`, `cityg`, `society_range`, `is_deleted`) VALUES
(1, 'Panchsheel Enclave', 1, '80.310292', '26.428470', 1, 1, 'uttar pradesh', 'kanpur', 5, 'NOT_DELETED'),
(6, 'Neelam Complex', 1, '80.310292', '26.428470', 1, 1, 'uttar pradesh', 'kanpur', 5, 'NOT_DELETED'),
(11, 'Hello 2', 0, '80.310292', '80.310292', 2, 1, 'null', 'null', 5, 'NOT_DELETED'),
(12, 'hello', 0, '77.67824526876211', '12.921086903812554', 2, 4, 'Karnataka', 'Bangalore Urban', 5, 'NOT_DELETED'),
(13, 'Test1', 1, NULL, NULL, 1, 2, '', '', 5, 'DELETED'),
(14, 'ABC', 1, '80.3318736', '26.449923', 1, 2, '', '', 5, 'NOT_DELETED'),
(16, 'godrej', 0, '72.5713621', '72.5713621', 2, 4, '', '', 500, 'NOT_DELETED'),
(17, '', 1, '', '', 0, NULL, '', '', 0, 'DELETED'),
(18, 'Panchsheel Enclave', 1, '', '', 0, NULL, '', '', 0, 'DELETED'),
(19, '', 1, '', '', 0, NULL, '', '', 0, 'DELETED'),
(20, '', 1, '', '', 0, NULL, '', '', 0, 'DELETED'),
(21, '', 1, '', '', 0, NULL, '', '', 0, 'DELETED'),
(22, '', 1, '', '', 0, NULL, '', '', 0, 'DELETED');

-- --------------------------------------------------------

--
-- Table structure for table `society_shops_link`
--

CREATE TABLE `society_shops_link` (
  `ss_id` int(11) NOT NULL,
  `shop_id` int(11) NOT NULL,
  `socity_id` int(11) NOT NULL,
  `active` int(11) NOT NULL DEFAULT 1,
  `is_inside` int(11) NOT NULL DEFAULT 1
) ENGINE=InnoDB DEFAULT CHARSET=utf8 COLLATE=utf8_unicode_ci;

--
-- Dumping data for table `society_shops_link`
--

INSERT INTO `society_shops_link` (`ss_id`, `shop_id`, `socity_id`, `active`, `is_inside`) VALUES
(1, 6, 1, 1, 1),
(5, 8, 1, 1, 1),
(12, 0, 11, 1, 0),
(13, 14, 12, 1, 1);

-- --------------------------------------------------------

--
-- Table structure for table `states`
--

CREATE TABLE `states` (
  `id` int(11) NOT NULL,
  `name` varchar(50) NOT NULL,
  `added` datetime NOT NULL,
  `updated` datetime DEFAULT NULL,
  `is_deleted` enum('NOT_DELETED','DELETED') DEFAULT 'NOT_DELETED'
) ENGINE=MyISAM DEFAULT CHARSET=latin1;

--
-- Dumping data for table `states`
--

INSERT INTO `states` (`id`, `name`, `added`, `updated`, `is_deleted`) VALUES
(1, 'Uttar Pradesh', '2020-05-02 21:20:25', NULL, 'NOT_DELETED'),
(2, 'Delhi', '0000-00-00 00:00:00', NULL, 'NOT_DELETED');

-- --------------------------------------------------------

--
-- Table structure for table `tax_slabs`
--

CREATE TABLE `tax_slabs` (
  `id` int(11) NOT NULL,
  `slab` varchar(45) NOT NULL,
  `added` datetime NOT NULL,
  `updated` datetime DEFAULT NULL,
  `is_deleted` enum('NOT_DELETED','DELETED') DEFAULT 'NOT_DELETED',
  `active` int(11) DEFAULT 1
) ENGINE=MyISAM DEFAULT CHARSET=latin1;

--
-- Dumping data for table `tax_slabs`
--

INSERT INTO `tax_slabs` (`id`, `slab`, `added`, `updated`, `is_deleted`, `active`) VALUES
(1, '18', '0000-00-00 00:00:00', '2021-01-01 00:00:00', 'NOT_DELETED', 1),
(2, '21', '2020-12-29 00:00:00', '2020-12-29 00:00:00', 'NOT_DELETED', 1),
(3, '56', '2021-01-01 00:00:00', '2021-01-01 00:00:00', 'NOT_DELETED', 1),
(4, '5', '2021-01-01 00:00:00', '2021-01-01 00:00:00', 'NOT_DELETED', 1),
(5, '3', '2021-09-13 00:00:00', '2021-09-13 00:00:00', 'NOT_DELETED', 1);

-- --------------------------------------------------------

--
-- Table structure for table `transaction_status_master`
--

CREATE TABLE `transaction_status_master` (
  `id` int(11) NOT NULL,
  `name` varchar(45) DEFAULT NULL,
  `added` varchar(45) DEFAULT 'CURRENT_TIMESTAMP',
  `updated` varchar(45) DEFAULT 'CURRENT_TIMESTAMP'
) ENGINE=MyISAM DEFAULT CHARSET=latin1;

-- --------------------------------------------------------

--
-- Table structure for table `unit_master`
--

CREATE TABLE `unit_master` (
  `id` int(11) NOT NULL,
  `name` varchar(50) NOT NULL,
  `active` int(11) NOT NULL DEFAULT 1,
  `description` varchar(100) DEFAULT NULL,
  `business_id` int(11) NOT NULL,
  `is_deleted` enum('NOT_DELETED','DELETED') DEFAULT 'NOT_DELETED'
) ENGINE=InnoDB DEFAULT CHARSET=latin1;

--
-- Dumping data for table `unit_master`
--

INSERT INTO `unit_master` (`id`, `name`, `active`, `description`, `business_id`, `is_deleted`) VALUES
(1, 'KG', 1, NULL, 0, 'NOT_DELETED'),
(2, 'PIECE', 1, NULL, 0, 'NOT_DELETED'),
(3, 'GRAMS', 1, NULL, 0, 'NOT_DELETED'),
(4, 'ML', 1, NULL, 0, 'NOT_DELETED'),
(5, 'LTR', 1, NULL, 0, 'NOT_DELETED'),
(6, 'CAP', 1, NULL, 0, 'NOT_DELETED'),
(7, 'METER', 1, NULL, 0, 'NOT_DELETED'),
(8, 'INCH', 1, NULL, 0, 'NOT_DELETED'),
(9, 'CM', 1, NULL, 0, 'NOT_DELETED'),
(10, 'Bianca Winters', 1, NULL, 0, 'DELETED');

--
-- Indexes for dumped tables
--

--
-- Indexes for table `admin`
--
ALTER TABLE `admin`
  ADD PRIMARY KEY (`id`);

--
-- Indexes for table `app_documents`
--
ALTER TABLE `app_documents`
  ADD PRIMARY KEY (`id`);

--
-- Indexes for table `booking_slots`
--
ALTER TABLE `booking_slots`
  ADD PRIMARY KEY (`id`);

--
-- Indexes for table `business`
--
ALTER TABLE `business`
  ADD PRIMARY KEY (`id`);

--
-- Indexes for table `cities`
--
ALTER TABLE `cities`
  ADD PRIMARY KEY (`id`),
  ADD KEY `sc1` (`state_id`);

--
-- Indexes for table `ci_sessions`
--
ALTER TABLE `ci_sessions`
  ADD KEY `ci_sessions_timestamp` (`timestamp`);

--
-- Indexes for table `coupons_and_offers`
--
ALTER TABLE `coupons_and_offers`
  ADD PRIMARY KEY (`id`);

--
-- Indexes for table `customers`
--
ALTER TABLE `customers`
  ADD PRIMARY KEY (`id`);

--
-- Indexes for table `customers_address`
--
ALTER TABLE `customers_address`
  ADD PRIMARY KEY (`id`),
  ADD KEY `c1` (`customer_id`),
  ADD KEY `c3_idx` (`state`),
  ADD KEY `c3_idx1` (`city`);

--
-- Indexes for table `delivery_boys`
--
ALTER TABLE `delivery_boys`
  ADD PRIMARY KEY (`id`);

--
-- Indexes for table `home_banners`
--
ALTER TABLE `home_banners`
  ADD PRIMARY KEY (`id`);

--
-- Indexes for table `home_headers`
--
ALTER TABLE `home_headers`
  ADD PRIMARY KEY (`id`);

--
-- Indexes for table `home_headers_mapping`
--
ALTER TABLE `home_headers_mapping`
  ADD PRIMARY KEY (`id`),
  ADD KEY `headersmapping` (`header_id`);

--
-- Indexes for table `limit_and_charges`
--
ALTER TABLE `limit_and_charges`
  ADD PRIMARY KEY (`id`);

--
-- Indexes for table `mobile_validation`
--
ALTER TABLE `mobile_validation`
  ADD PRIMARY KEY (`mv_id`);

--
-- Indexes for table `orders`
--
ALTER TABLE `orders`
  ADD PRIMARY KEY (`id`);

--
-- Indexes for table `order_assign_deliver`
--
ALTER TABLE `order_assign_deliver`
  ADD PRIMARY KEY (`id`);

--
-- Indexes for table `order_items`
--
ALTER TABLE `order_items`
  ADD PRIMARY KEY (`id`),
  ADD KEY `o1` (`order_id`);

--
-- Indexes for table `order_status_master`
--
ALTER TABLE `order_status_master`
  ADD PRIMARY KEY (`id`);

--
-- Indexes for table `payment_mode_master`
--
ALTER TABLE `payment_mode_master`
  ADD PRIMARY KEY (`id`);

--
-- Indexes for table `pincodes_criteria`
--
ALTER TABLE `pincodes_criteria`
  ADD PRIMARY KEY (`id`);

--
-- Indexes for table `products_category`
--
ALTER TABLE `products_category`
  ADD PRIMARY KEY (`id`);

--
-- Indexes for table `products_photo`
--
ALTER TABLE `products_photo`
  ADD PRIMARY KEY (`id`),
  ADD KEY `p1` (`item_id`);

--
-- Indexes for table `products_subcategory`
--
ALTER TABLE `products_subcategory`
  ADD PRIMARY KEY (`id`);

--
-- Indexes for table `product_props`
--
ALTER TABLE `product_props`
  ADD PRIMARY KEY (`id`),
  ADD KEY `p4` (`product_id`),
  ADD KEY `p5` (`props_id`);

--
-- Indexes for table `product_props_master`
--
ALTER TABLE `product_props_master`
  ADD PRIMARY KEY (`id`);

--
-- Indexes for table `product_ratings`
--
ALTER TABLE `product_ratings`
  ADD PRIMARY KEY (`id`),
  ADD KEY `ratings-pro` (`product_id`);

--
-- Indexes for table `shops`
--
ALTER TABLE `shops`
  ADD PRIMARY KEY (`id`),
  ADD UNIQUE KEY `UK_SHOPS` (`contact`),
  ADD KEY `s2` (`shop_category_id`);

--
-- Indexes for table `shops_account`
--
ALTER TABLE `shops_account`
  ADD PRIMARY KEY (`id`),
  ADD KEY `s3` (`shop_id`);

--
-- Indexes for table `shops_coupons_offers`
--
ALTER TABLE `shops_coupons_offers`
  ADD PRIMARY KEY (`co_id`);

--
-- Indexes for table `shops_inventory`
--
ALTER TABLE `shops_inventory`
  ADD PRIMARY KEY (`id`),
  ADD KEY `s4` (`shop_id`);

--
-- Indexes for table `shops_photo`
--
ALTER TABLE `shops_photo`
  ADD PRIMARY KEY (`id`),
  ADD KEY `s1` (`shop_id`);

--
-- Indexes for table `shop_category`
--
ALTER TABLE `shop_category`
  ADD PRIMARY KEY (`id`);

--
-- Indexes for table `shop_delivery_locations`
--
ALTER TABLE `shop_delivery_locations`
  ADD PRIMARY KEY (`location_id`);

--
-- Indexes for table `shop_inventory_logs`
--
ALTER TABLE `shop_inventory_logs`
  ADD PRIMARY KEY (`id`);

--
-- Indexes for table `sms_gateway_master`
--
ALTER TABLE `sms_gateway_master`
  ADD PRIMARY KEY (`id`);

--
-- Indexes for table `society_master`
--
ALTER TABLE `society_master`
  ADD PRIMARY KEY (`socity_id`);

--
-- Indexes for table `society_shops_link`
--
ALTER TABLE `society_shops_link`
  ADD PRIMARY KEY (`ss_id`);

--
-- Indexes for table `states`
--
ALTER TABLE `states`
  ADD PRIMARY KEY (`id`);

--
-- Indexes for table `tax_slabs`
--
ALTER TABLE `tax_slabs`
  ADD PRIMARY KEY (`id`);

--
-- Indexes for table `transaction_status_master`
--
ALTER TABLE `transaction_status_master`
  ADD PRIMARY KEY (`id`);

--
-- Indexes for table `unit_master`
--
ALTER TABLE `unit_master`
  ADD PRIMARY KEY (`id`);

--
-- AUTO_INCREMENT for dumped tables
--

--
-- AUTO_INCREMENT for table `admin`
--
ALTER TABLE `admin`
  MODIFY `id` int(11) NOT NULL AUTO_INCREMENT, AUTO_INCREMENT=2;

--
-- AUTO_INCREMENT for table `app_documents`
--
ALTER TABLE `app_documents`
  MODIFY `id` int(11) NOT NULL AUTO_INCREMENT, AUTO_INCREMENT=3;

--
-- AUTO_INCREMENT for table `booking_slots`
--
ALTER TABLE `booking_slots`
  MODIFY `id` int(11) NOT NULL AUTO_INCREMENT, AUTO_INCREMENT=35;

--
-- AUTO_INCREMENT for table `business`
--
ALTER TABLE `business`
  MODIFY `id` int(11) NOT NULL AUTO_INCREMENT, AUTO_INCREMENT=11;

--
-- AUTO_INCREMENT for table `cities`
--
ALTER TABLE `cities`
  MODIFY `id` int(11) NOT NULL AUTO_INCREMENT, AUTO_INCREMENT=6;

--
-- AUTO_INCREMENT for table `coupons_and_offers`
--
ALTER TABLE `coupons_and_offers`
  MODIFY `id` int(11) NOT NULL AUTO_INCREMENT, AUTO_INCREMENT=35;

--
-- AUTO_INCREMENT for table `customers`
--
ALTER TABLE `customers`
  MODIFY `id` int(11) NOT NULL AUTO_INCREMENT, AUTO_INCREMENT=8;

--
-- AUTO_INCREMENT for table `customers_address`
--
ALTER TABLE `customers_address`
  MODIFY `id` int(11) NOT NULL AUTO_INCREMENT, AUTO_INCREMENT=9;

--
-- AUTO_INCREMENT for table `delivery_boys`
--
ALTER TABLE `delivery_boys`
  MODIFY `id` int(11) NOT NULL AUTO_INCREMENT, AUTO_INCREMENT=8;

--
-- AUTO_INCREMENT for table `home_banners`
--
ALTER TABLE `home_banners`
  MODIFY `id` int(11) NOT NULL AUTO_INCREMENT, AUTO_INCREMENT=2;

--
-- AUTO_INCREMENT for table `home_headers`
--
ALTER TABLE `home_headers`
  MODIFY `id` int(11) NOT NULL AUTO_INCREMENT, AUTO_INCREMENT=4;

--
-- AUTO_INCREMENT for table `home_headers_mapping`
--
ALTER TABLE `home_headers_mapping`
  MODIFY `id` int(11) NOT NULL AUTO_INCREMENT, AUTO_INCREMENT=64;

--
-- AUTO_INCREMENT for table `limit_and_charges`
--
ALTER TABLE `limit_and_charges`
  MODIFY `id` int(11) NOT NULL AUTO_INCREMENT, AUTO_INCREMENT=2;

--
-- AUTO_INCREMENT for table `mobile_validation`
--
ALTER TABLE `mobile_validation`
  MODIFY `mv_id` int(11) NOT NULL AUTO_INCREMENT, AUTO_INCREMENT=2746;

--
-- AUTO_INCREMENT for table `orders`
--
ALTER TABLE `orders`
  MODIFY `id` int(11) NOT NULL AUTO_INCREMENT, AUTO_INCREMENT=17;

--
-- AUTO_INCREMENT for table `order_assign_deliver`
--
ALTER TABLE `order_assign_deliver`
  MODIFY `id` int(11) NOT NULL AUTO_INCREMENT, AUTO_INCREMENT=6;

--
-- AUTO_INCREMENT for table `order_items`
--
ALTER TABLE `order_items`
  MODIFY `id` int(11) NOT NULL AUTO_INCREMENT, AUTO_INCREMENT=19;

--
-- AUTO_INCREMENT for table `order_status_master`
--
ALTER TABLE `order_status_master`
  MODIFY `id` int(11) NOT NULL AUTO_INCREMENT, AUTO_INCREMENT=18;

--
-- AUTO_INCREMENT for table `payment_mode_master`
--
ALTER TABLE `payment_mode_master`
  MODIFY `id` int(11) NOT NULL AUTO_INCREMENT, AUTO_INCREMENT=10;

--
-- AUTO_INCREMENT for table `pincodes_criteria`
--
ALTER TABLE `pincodes_criteria`
  MODIFY `id` int(11) NOT NULL AUTO_INCREMENT, AUTO_INCREMENT=13;

--
-- AUTO_INCREMENT for table `products_category`
--
ALTER TABLE `products_category`
  MODIFY `id` int(11) NOT NULL AUTO_INCREMENT, AUTO_INCREMENT=16;

--
-- AUTO_INCREMENT for table `products_photo`
--
ALTER TABLE `products_photo`
  MODIFY `id` int(11) NOT NULL AUTO_INCREMENT, AUTO_INCREMENT=117;

--
-- AUTO_INCREMENT for table `products_subcategory`
--
ALTER TABLE `products_subcategory`
  MODIFY `id` int(11) NOT NULL AUTO_INCREMENT, AUTO_INCREMENT=58;

--
-- AUTO_INCREMENT for table `product_props`
--
ALTER TABLE `product_props`
  MODIFY `id` int(11) NOT NULL AUTO_INCREMENT, AUTO_INCREMENT=88;

--
-- AUTO_INCREMENT for table `product_props_master`
--
ALTER TABLE `product_props_master`
  MODIFY `id` int(11) NOT NULL AUTO_INCREMENT, AUTO_INCREMENT=8;

--
-- AUTO_INCREMENT for table `product_ratings`
--
ALTER TABLE `product_ratings`
  MODIFY `id` int(11) NOT NULL AUTO_INCREMENT;

--
-- AUTO_INCREMENT for table `shops`
--
ALTER TABLE `shops`
  MODIFY `id` int(11) NOT NULL AUTO_INCREMENT, AUTO_INCREMENT=67;

--
-- AUTO_INCREMENT for table `shops_account`
--
ALTER TABLE `shops_account`
  MODIFY `id` int(11) NOT NULL AUTO_INCREMENT, AUTO_INCREMENT=3;

--
-- AUTO_INCREMENT for table `shops_coupons_offers`
--
ALTER TABLE `shops_coupons_offers`
  MODIFY `co_id` int(11) NOT NULL AUTO_INCREMENT, AUTO_INCREMENT=170;

--
-- AUTO_INCREMENT for table `shops_inventory`
--
ALTER TABLE `shops_inventory`
  MODIFY `id` int(11) NOT NULL AUTO_INCREMENT, AUTO_INCREMENT=11;

--
-- AUTO_INCREMENT for table `shops_photo`
--
ALTER TABLE `shops_photo`
  MODIFY `id` int(11) NOT NULL AUTO_INCREMENT, AUTO_INCREMENT=34;

--
-- AUTO_INCREMENT for table `shop_category`
--
ALTER TABLE `shop_category`
  MODIFY `id` int(11) NOT NULL AUTO_INCREMENT, AUTO_INCREMENT=2;

--
-- AUTO_INCREMENT for table `shop_delivery_locations`
--
ALTER TABLE `shop_delivery_locations`
  MODIFY `location_id` int(11) NOT NULL AUTO_INCREMENT, AUTO_INCREMENT=18;

--
-- AUTO_INCREMENT for table `shop_inventory_logs`
--
ALTER TABLE `shop_inventory_logs`
  MODIFY `id` int(11) NOT NULL AUTO_INCREMENT, AUTO_INCREMENT=25;

--
-- AUTO_INCREMENT for table `sms_gateway_master`
--
ALTER TABLE `sms_gateway_master`
  MODIFY `id` int(10) UNSIGNED NOT NULL AUTO_INCREMENT, AUTO_INCREMENT=2;

--
-- AUTO_INCREMENT for table `society_master`
--
ALTER TABLE `society_master`
  MODIFY `socity_id` int(11) NOT NULL AUTO_INCREMENT, AUTO_INCREMENT=23;

--
-- AUTO_INCREMENT for table `society_shops_link`
--
ALTER TABLE `society_shops_link`
  MODIFY `ss_id` int(11) NOT NULL AUTO_INCREMENT, AUTO_INCREMENT=14;

--
-- AUTO_INCREMENT for table `states`
--
ALTER TABLE `states`
  MODIFY `id` int(11) NOT NULL AUTO_INCREMENT, AUTO_INCREMENT=3;

--
-- AUTO_INCREMENT for table `tax_slabs`
--
ALTER TABLE `tax_slabs`
  MODIFY `id` int(11) NOT NULL AUTO_INCREMENT, AUTO_INCREMENT=6;

--
-- AUTO_INCREMENT for table `transaction_status_master`
--
ALTER TABLE `transaction_status_master`
  MODIFY `id` int(11) NOT NULL AUTO_INCREMENT;

--
-- AUTO_INCREMENT for table `unit_master`
--
ALTER TABLE `unit_master`
  MODIFY `id` int(11) NOT NULL AUTO_INCREMENT, AUTO_INCREMENT=11;

--
-- Constraints for dumped tables
--

--
-- Constraints for table `order_items`
--
ALTER TABLE `order_items`
  ADD CONSTRAINT `o1` FOREIGN KEY (`order_id`) REFERENCES `orders` (`id`) ON DELETE CASCADE;

--
-- Constraints for table `products_photo`
--
ALTER TABLE `products_photo`
  ADD CONSTRAINT `p1` FOREIGN KEY (`item_id`) REFERENCES `products_subcategory` (`id`) ON DELETE CASCADE;

--
-- Constraints for table `product_props`
--
ALTER TABLE `product_props`
  ADD CONSTRAINT `p4` FOREIGN KEY (`product_id`) REFERENCES `products_subcategory` (`id`) ON DELETE CASCADE,
  ADD CONSTRAINT `p5` FOREIGN KEY (`props_id`) REFERENCES `product_props_master` (`id`) ON DELETE CASCADE;

--
-- Constraints for table `shops`
--
ALTER TABLE `shops`
  ADD CONSTRAINT `s2` FOREIGN KEY (`shop_category_id`) REFERENCES `shop_category` (`id`) ON DELETE CASCADE;

--
-- Constraints for table `shops_account`
--
ALTER TABLE `shops_account`
  ADD CONSTRAINT `s3` FOREIGN KEY (`shop_id`) REFERENCES `shops` (`id`) ON DELETE CASCADE;

--
-- Constraints for table `shops_inventory`
--
ALTER TABLE `shops_inventory`
  ADD CONSTRAINT `s4` FOREIGN KEY (`shop_id`) REFERENCES `shops` (`id`) ON DELETE CASCADE;

--
-- Constraints for table `shops_photo`
--
ALTER TABLE `shops_photo`
  ADD CONSTRAINT `s1` FOREIGN KEY (`shop_id`) REFERENCES `shops` (`id`) ON DELETE CASCADE;
COMMIT;

/*!40101 SET CHARACTER_SET_CLIENT=@OLD_CHARACTER_SET_CLIENT */;
/*!40101 SET CHARACTER_SET_RESULTS=@OLD_CHARACTER_SET_RESULTS */;
/*!40101 SET COLLATION_CONNECTION=@OLD_COLLATION_CONNECTION */;
